/fbo/web/app.php/user/product/3	菊姫　山廃純米	2012/03	720ml/1800ml	\1,400/\2,900	<使用米>16-17(70.0%)	＜麹米＞兵庫県三木町吉川町（特Ａ地区）産山田錦(%)	＜掛米＞(%)	協会1号	生酛	NA	+1	1.1	1.1	山廃仕込み	熟成感も加わった非常に濃醇な山廃純米酒。強い酸味と旨味の余韻が特徴。	日本酒通向け。熟成好き向け。特に秋から冬。お燗に向く	20℃前後又は40℃前後	白磁のグイ呑み。ブランデーグラス形状	濃厚な肉料理と好相性。鴨のロースト、猪鍋、熟成した生ハムなど	
/fbo/web/app.php/user/product/4	大七　純米生酛	2012/02	720ml/1800ml	¥1,375/¥2,749	<使用米>五百万石(%)	＜麹米＞(65%)	＜掛米＞(69%)	きょうかい7号	生もと	15	+3	1.8	1	生酛仕込み	奥ゆきのある豊かな味わいの生もと純米酒。クリーミーな香りと余韻の長い旨味が特徴。	特に秋冬向け。和のフォーマルシーン向け。ビギナーから日本酒通まで対応可。食中酒向け。特にぬる燗向け。	15～20℃または40℃前後	ブルゴーニュ型グラス、薄手磁器の猪口やぐい呑み、備前焼など	シーフードグラタン、クリームシチュー、ナチュラルチーズ全般、牡蠣料理、おぼろ豆腐、茶碗蒸しなど	
/fbo/web/app.php/user/product/5	龍力　特別純米　特別限定ドラゴン	NA	720ml/1800ml	\1,575/\3,150	<使用米>兵庫県特Ａ地区産山田錦(65.0%)	＜麹米＞(%)	＜掛米＞(%)	協会1号	ブレンド(生酛・速醸)	16	+3	1.6	1.5	NA	炊きたての米などを思わせる原料のふくよかな香りが主体。厚みのある飲み口でボリューム感のある味わい。	特に秋から冬。日本酒通向け。フルボディ好き向け。特にお燗向け	18℃前後又は40℃前後	備前焼などの陶器類	味わいの濃厚な料理と好相性。キンキの煮付け、豚の角煮、牡蠣の土手鍋	
/fbo/web/app.php/user/product/10	上撰白雪　純米酒クラシック白雪	2012/03	300ml/720ml	\483/\1,034	<使用米>山田錦(70.0%)	＜麹米＞(%)	＜掛米＞(%)	協会1号	速醸	15-16	+3	1.6	1.6	NA		晩酌向け。居酒屋向け。男性向け。特にお燗向け	18℃前後。45℃前後	グイ呑み燗にする場合はお気に入りの徳利と猪口で。	焼鳥（タレ）、肉じゃがなど、濃厚かつ素朴な料理と好相性	
/fbo/web/app.php/user/product/17	飛良泉　山廃純米酒	NA	180ml/720ml/1800ml	¥410/¥1,628/¥2,940	<使用米>美山錦(60%)	＜麹米＞(%)	＜掛米＞(%)	自社酵母	山廃	15	+4	1.9	1.5	山廃仕込み		特に秋から冬。日本酒通。伝統的な東北料理とともに。特にお燗向	18℃前後又は40-45℃	厚手の平杯、白磁器、中型のグイ呑み	秋田県の郷土料理と好相性。きりたんぽ鍋、しょっつる鍋、比内地鶏の照焼き	
/fbo/web/app.php/user/product/18	天狗舞	NA	720ml/1800ml	\1,384/\2,861	<使用米>(60%)	＜麹米＞(%)	＜掛米＞(%)	NA	山廃	NA	NA	NA	NA	山廃仕込み		特に秋から冬。日本酒通。伝統的な東北料理とともに。特にお燗向	18℃前後又は40-45℃	厚手の平杯、白磁器、中型のグイ呑み	石川県の郷土料理と好相性。鴨の治部煮、鰯の糠漬け、カブラ寿司	
/fbo/web/app.php/user/product/22	神亀	NA	180ml/300ml/500ml/720ml/1800ml	\399/\680/\1,070/\1,500/\2,997	<使用米>山田錦(60%)	＜麹米＞(%)	＜掛米＞(%)	NA	速醸	15～16	+5～+6	1.5	NA	NA		特に秋から冬。日本酒通向け。一人でじっくり嗜むもよい。ぬる	18℃前後又は40-45℃	厚手の焼き物（グイ呑み）	濃厚な旨味を持つ料理と好相性。鯖の味噌煮、豚肉の味噌漬け焼き、茄子田楽	
/fbo/web/app.php/user/product/30	西の関	NA	300ml/720ml/1800ml	\567/\1,197/\2,671	<使用米>ヒノヒカリ(60%)	＜麹米＞(%)	＜掛米＞(%)	NA	速醸	15	-1.5	1.4	2.0	NA		特に秋から冬。日本酒通向け。一人でじっくり嗜むもよい。ぬる燗	18℃前後又は40-45℃	厚手の猪口やグイ呑み	コクのある和食と好相性。メバルの煮付け、関サバの刺身、ウナギの蒲焼き	
/fbo/web/app.php/user/product/32	賀茂鶴　純米	NA	180ml/300ml/720ml/1800ml	\218/\396/\989/\1,974	<使用米>(65%)	＜麹米＞(%)	＜掛米＞(%)	NA	速醸	14～15	NA	NA	NA	NA		特に秋から冬。広島郷土料理店向け。ぬる燗向け	15℃前後又は40℃前後	触感の柔らかな焼き物、白磁の平杯	瀬戸内の郷土料理と好相性。煮穴子、カサゴの煮付け、牡蠣の土手鍋	
/fbo/web/app.php/user/product/40	七冠馬	NA	720ml/180ml	\1,705/\3,410	<使用米>山田錦(50%)	＜麹米＞(%)	＜掛米＞(%)	NA	NA	17.5	+4	1.6	NA	山廃仕込み		季節問わず楽しめる。日本酒好きはひとりでじっくり。	15－18℃	中型のワイングラス。薄手のグイ呑み。萩焼などの焼き物	豊かな香りと旨味を持つ料理と好相性。海老、蟹料理など	
/fbo/web/app.php/user/product/42	久礼	NA	720ml/1800ml	\1,150/\2,200	<使用米>愛媛県産松山三井(60%)	＜麹米＞(%)	＜掛米＞(%)	NA	速醸	15.6	+5	1.7	NA	NA		季節は問わない。晩酌時などに気軽に楽しめる。燗向け	18℃前後。又は40-45℃	小振りのロックグラス。燗の場合は薄手の焼き物	まろやかな旨味を持った料理と好相性。カツオのタタキ、地鶏鍋など	
/fbo/web/app.php/user/product/46	八重の桜	NA	500ml	\1,000	<使用米>会津産チヨニシキ100％(%)	＜麹米＞(70%)	＜掛米＞(80%)	NA	速醸	15～16	+8.5	1.4	1.75	NA		特に秋から冬。夕食時。しっとりとした雰囲気の中。	18℃前後。又は50℃前後	厚手の焼き物。中型のグイ呑み	濃厚かつ素朴な料理と好相性。田舎ソバ、根菜の煮物、キノコ鍋	
/fbo/web/app.php/user/product/52	二八	NA	720ml/1800ml	\798/\1,480	<使用米>(82%)	＜麹米＞(%)	＜掛米＞(%)	NA	速醸	14～15	NA	NA	NA	NA		季節問わない。居酒屋向け。燗向け。食中酒向け	18℃前後又は45℃前後	薄手の平杯、中型のグイ呑み	香ばしい料理と好相性。炭火焼各種、ヤマメの塩焼き、ワカサギの唐揚げ	
/fbo/web/app.php/user/product/59	香住鶴	NA	720ml/1344ml	\1,344/\2,100	<使用米>兵庫県産五百万石(%)	＜麹米＞(63%)	＜掛米＞(68%)	701号	速醸	15	+3.5	NA	NA	生酛		特に秋から冬向け。日本酒通向け。和食向け。ぬる燗向け	18℃前後又は40℃前後	触感の柔らかな大振りの陶器類、中型のグイ呑み	和食以外でも濃厚な料理と積極的に合わせたい。広東料理、スペイン料理、トルコ料理など	
/fbo/web/app.php/user/product/63	上喜元　美郷錦	NA	NA	NA	<使用米>(%)	＜麹米＞(%)	＜掛米＞(%)	NA	速醸	NA	NA	NA	NA	生酛造り		特に秋から冬。燗向け。和食向け。日本酒通向け	18℃前後又は40℃前後	中型のグイ呑み、厚手の陶器類	コク深い料理と好相性。キンキの煮付け、米沢牛のすきやき、芋煮など	
/fbo/web/app.php/user/product/67	彩は	NA	720ml	\1,733	<使用米>(65%)	＜麹米＞(%)	＜掛米＞(%)	NA	NA	15.5	NA	NA	NA	木桶仕込み		特に秋から冬。食中酒向け。ぬる燗向け。日本酒通向け	18℃前後又は40℃前後	白磁器、平杯、木製の酒器	香ばしく焼き上げた料理と好相性。地鶏の炭火焼、ブリの照焼き、味噌田楽など	
/fbo/web/app.php/user/product/69	越後鶴亀　純米諸白	NA	300ml/720ml	\1,050/\2,100	<使用米>こしひかり(90%)	＜麹米＞(%)	＜掛米＞(%)	NA	生酛	15～16	-50	5.0	6.0	NA		季節問わない。日本酒通向け。単独飲用向け。デザート向け	20℃前後	シェリーグラス、白磁器、小型のブランデーグラス	単独飲用に向くが和菓子とも好相性。羊羹、大福、どら焼きなど	
/fbo/web/app.php/user/product/73	紅美酒（Cremisi）（クレミシ）	NA	NA	NA	<使用米>(%)	＜麹米＞(%)	＜掛米＞(%)	NA	NA	NA	NA	NA	NA	紫黒もち米使用	赤ワインのような色調とベリー系のフルーティーな香り。ワイン的な甘酸っぱいテイストの中に、米由来のほのかな旨味が潜む	赤ワインと合せるような肉料理とのマッチングが楽しめる。他にもオンザロックにするなど日本酒の枠を超えた	5-10℃前後、またはオンザロック	中型のワイングラス、ロックグラス、シェリーグラスなど	和食よりも洋食、魚よりも肉料理と合せたいテイスト。	
/fbo/web/app.php/user/product/74	神杉　山廃純米　人生劇場	NA	NA	NA	<使用米>(%)	＜麹米＞(%)	＜掛米＞(%)	NA	NA	NA	NA	NA	NA	山廃、原酒	豊かなコクを思わせる香り。酸味、旨味、アルコール感が一体となり力強く、ふくよかな香味を造りだす	日本酒通向け。燗酒向け。メインデッシュと合わせる食中酒向け。	18℃前後又は40℃前後	磁器（有田焼、九谷焼など）で内側が白色の酒器など	濃厚な味わいの料理と同調させる。牡蠣の土手鍋、ちゃんこ鍋、鴨の炭火焼、牛肉の味噌漬け焼きなど	
/fbo/web/app.php/user/product/75	神杉　純米生酒　Nigo2nd	NA	NA	NA	<使用米>(%)	＜麹米＞(%)	＜掛米＞(%)	NA	NA	NA	NA	NA	NA	にごり、生酒	発泡性のピリピリした刺激と、米粒の残った食感が特徴。味わいは酸味が高く、後味は軽快。クドさのないにごり酒	食前、食中共に楽しめる発泡性のにごり酒。炭酸ガスの残る内に印象すべき。塩麹を使った料理と好相性	5-10℃	フルート型の陶器、円筒形の磁器など	塩麹など米を使用した料理と同調。鶏肉の塩麹漬け、三平汁（鮭の粕汁）、なれ寿しなど	
/fbo/web/app.php/user/product/77	玉乃光　純米吟醸　伝承山廃仕込み	NA	NA	NA	<使用米>(%)	＜麹米＞(%)	＜掛米＞(%)	NA	NA	NA	NA	NA	NA	山廃	山廃特有のふくよかな香りと、コクのある豊かな味わいが特徴。深みをもたらす酸味、キレをもたらす酸味が共存	秋冬に向くアイテムで食中酒として最適。冷酒、燗酒と二通りの飲み方が楽しめる。	10℃前後又は40℃前後	大振りの平杯、中型のグイ呑みなど	旨味を含んだ濃い味付けの料理と同調。ブリ大根、鴨鍋、秋鮭のバターソテー、鶏肉のクリーム煮など	
/fbo/web/app.php/user/product/78	玉乃光　純米吟醸　祝100%	NA	NA	NA	<使用米>祝(60%)	＜麹米＞(%)	＜掛米＞(%)	NA	NA	NA	NA	NA	NA	NA	コクと甘味が控えめなきれいな酒質で、丸みのある飲み口。香りも味もソフト。	通年で食中酒として冷酒でも燗でも。重すぎることも軽すぎることもない酒質で汎用性が高い。	10℃前後又は40-45℃前後	冷：透明なガラスの酒器。温：白色の焼き物。両方とも飲みきりサイズ。	軽い醇酒なので、シンプルで素材の風味を生かした料理を合わせる。	
/fbo/web/app.php/user/product/80	豊の秋　特別純米　雀と稲穂	NA	NA	NA	<使用米>(%)	＜麹米＞(%)	＜掛米＞(%)	NA	NA	NA	NA	NA	NA	精米歩合58%アルコール分15-16度	島根県の地酒らしく、旨味が明確で、典型的なコクのある味わいの純米酒。	燗酒にして真価を発揮する純米酒。伝統的な和食と合わせたい島根の地酒。	15～18℃又は40℃前後	厚手の焼き物、グイ呑みなど	伝統的な島根の郷土料理のほか、赤ワインを合わせるような濃厚な肉料理とも好相性	
/fbo/web/app.php/user/product/85	特別純米酒　蒼田　山廃仕込	NA	NA	NA	<使用米>(%)	＜麹米＞(%)	＜掛米＞(%)	NA	NA	NA	NA	NA	NA	NA	生クリームのようなクリーミーさと、炊き立ての米のようなふくよかさが融合。甘味と旨味が明確な芳醇な味わい	日本酒通に薦めたいテイスト。メインディッシュと楽しみたい食中酒。常温からぬる燗まで対応可。	15～20℃	中型のぐい呑み、ボルドー型グラスなど	クリーミーで濃厚な料理と同調。シーフードグラタン、ハードタイプチーズ、豆乳鍋など	
/fbo/web/app.php/user/product/86	特別純米酒　蒼田　山廃仕込　無ろか生原酒	NA	NA	NA	<使用米>(%)	＜麹米＞(%)	＜掛米＞(%)	NA	NA	NA	NA	NA	NA	山廃仕込み、無ろか生原酒	ふくよかな原料香と、甘味と酸味を伴う旨味が特徴ながら、後味のキレよく、余韻は爽やか	ビギナーから日本酒通まで幅広く楽しめるキャラクター。食事と共に楽しめる無濾過生原酒タイプ	15℃前後	小振りのワイングラス、うすはりグラスなど	相性の幅は比較的広いタイプ。魚でも肉でもコクのある料理に柑橘類を搾ると同調する	
/fbo/web/app.php/user/product/87	特別純米酒　蒼田　本醸造	NA	NA	NA	<使用米>(%)	＜麹米＞(%)	＜掛米＞(%)	NA	NA	NA	NA	NA	NA	NA	醇酒タイプながらも、軽快な酸味と苦味がキレのよさを醸しだすスッキリテイスト。山田錦ならではのしなやかなボディ	気軽に飲用できる醇酒タイプとして様々な料理と組合せたいキャタクター。冷やでも燗でも対応可	15℃前後又は45℃前後	薄手のタンブラー、大きな問わない磁器類など	和洋中、肉魚野菜問わず、どんな料理とも好相性を見せるマルチな食中酒。	
/fbo/web/app.php/user/product/134	特別純米酒　蒼田　山廃仕込み	NA	NA	NA	<使用米>(%)	＜麹米＞(%)	＜掛米＞(%)	NA	NA	NA	NA	NA	NA	山廃仕込み	山廃ながら柑橘系の軽快な香り、山廃ならではの芳醇な旨み	気の合う仲間が集うようなときさまざまな料理とともににみんなが楽しめる一本	15℃前後から20℃前後、40度前後から50度くらい	冷酒なら切子など小ぶりなグラスで、燗酒なら温かみにのある陶器のぐい吞みで	鶏のから揚げ、カツオたたき、ローストビーフ、餃子など	
/fbo/web/app.php/user/product/135	特別純米酒　十水	NA	NA	NA	<使用米>(%)	＜麹米＞(%)	＜掛米＞(%)	NA	NA	NA	NA	NA	NA	NA	濃醇でコクがあり、密度の高いしっかりした酸を持つ	様々な食材が集まる食卓にオールマイティーに対応。料理に合わせて冷でも燗酒でも自由自在！	15℃前後から20℃前後、40度前後から50度くらい	冷酒なら切子など小ぶりなグラスや白磁の猪口で、燗酒なら温かみにのある陶器のぐい吞みで	鰻のかば焼き、辛みもち、牡蛎のレモンかけ、かに玉など	
/fbo/web/app.php/user/product/137	吉野杉の樽酒　雄町　山廃純米酒	NA	NA	NA	<使用米>(%)	＜麹米＞(%)	＜掛米＞(%)	NA	NA	NA	NA	NA	NA	山廃仕込み	上品な杉樽の香りと軽やかな味わいの中にも雄町のふくらみと山廃独特の酸味、旨み、苦味がある。	上品な杉樽の香りが全体を占めるので、祝い事や記念日など特別な機会に家族や友人同士で。	20℃前後又は40℃前後	陶器の猪口、塗の盃。	焼き鳥（塩）、新鮮なさしみ、白味魚の酒蒸しなど	
/fbo/web/app.php/user/product/139	恋の川純米　紅花	NA	NA	NA	<使用米>(%)	＜麹米＞(%)	＜掛米＞(%)	NA	NA	NA	NA	NA	NA	NA	香りは控え目ながら原料の米を想わせる旨さ、ふくよかさとしっかりとした酸味があり、やや辛口。	香りは穏やかだが含み味は旨み・酸味・苦味のバランスがよく、旨みのある肉料理などと相性がよい。	20℃前後又は40℃前後	小ぶりのグラス、ワイングラス、陶器のぐい呑み。	牛のすき焼き、サバの味噌煮、子牛のカツレツ、焼き餃子、マーボ豆腐、チンジャオロースなど	
/fbo/web/app.php/user/product/140	末廣純米　ネモトシャクナゲ	NA	NA	NA	<使用米>(%)	＜麹米＞(%)	＜掛米＞(%)	NA	NA	NA	NA	NA	NA	NA	シンプルで口当たりがよく、丸くふくよかな味わい。キレがよくやや辛口。	カジュアルに合わせる料理は幅広く、食中酒として気軽に家庭で、アウトドアでも。	20℃前後又は40℃前後	小ぶりのグラス、ワイングラス、陶器のぐい呑み。	治部煮、モツ煮込み、チキンソテー、子牛のカツレツ、牛のオイスターソース、焼売など	
/fbo/web/app.php/user/product/141	吉乃川純米吟醸　チューリップ	NA	NA	NA	<使用米>(%)	＜麹米＞(%)	＜掛米＞(%)	NA	NA	NA	NA	NA	NA	吟醸	上品な旨みと酸味、苦味のバランスがよく、爽やかでかつふくよかさもある。	カジュアルに合わせる料理は幅広く、食中酒として気軽に家庭で、飲食店でも幅広い層に向く。	15℃前後	小ぶりのグラス、ワイングラス、陶器のぐい呑み。	ホタテのマリネ、アユの塩焼き、シーフードサラダ、タイのカルパッチョなど	
/fbo/web/app.php/user/product/142	澤乃井　純米　ソメイヨシノ	NA	NA	NA	<使用米>(%)	＜麹米＞(%)	＜掛米＞(%)	NA	NA	NA	NA	NA	NA	NA	香り控え目、シンプルでコンパクトな味わい。軽快な酸味が後味を締め、辛口にキレる。	家庭やアウトドアなどカジュアルに飲用できるため幅広い年齢層に向く。冷やしても燗でも味わえる。	20℃前後又は40℃前後	小ぶりのグラス、ワイングラス、陶器のぐい呑み。	サワラ、カレイなどの焼き物、かまぼこ、かつおのたたき、海鮮サラダなど	
/fbo/web/app.php/user/product/145	白雪　原酒　山田錦ＡＮＮAROCK	NA	NA	NA	<使用米>(%)	＜麹米＞(%)	＜掛米＞(%)	NA	NA	NA	NA	NA	NA	原酒	日本酒らしいどっしりとした香りと味わい。脂の強い個性的な料理にも負けない酒質。余韻は中程度でやや濃醇	アルコール感も強く、玄人向き。ロックにして飲むことも可	15～20℃	厚みのある陶器	焼き鳥、酒盗のクリームチーズ和え、ビーフシチュー、仔牛のカツレツ、酢豚など	
/fbo/web/app.php/user/product/146	白雪　江戸元禄の酒（復古酒）原酒	NA	NA	NA	<使用米>(%)	＜麹米＞(%)	＜掛米＞(%)	NA	NA	NA	NA	NA	NA	原酒	紹興酒のような複雑な香り。シロップ様の強い甘味と熟成した醤油のような旨味が非常に複雑で個性的な味わい	ビギナーには不向きだが、シェリーや紹興酒、ブランデーなどの愛好層なら受け入れられる可能性あり	15～20℃	ブランデーグラス、カット入りロックグラスなど	タレを使ったような酒と色調が近いものと好相性。ウナギのかば焼き、鴨のロースト、北京ダックなど	
/fbo/web/app.php/user/product/152	浜福鶴　生酛　純米酒	NA	NA	NA	<使用米>(%)	＜麹米＞(%)	＜掛米＞(%)	NA	NA	NA	NA	NA	NA	生酛仕込	ふくよかで柔らかい厚みのある旨味持つが、キレ良く後口がすっきりしている	秋から冬にかけての味覚をみんなで囲んで楽しく飲むのにちょうどよい	15℃位の常温か45～50℃の燗にて	小ぶりで厚みのある平杯。うりざね型のグラス	鍋料理と好相性。燗して、粕汁や石狩鍋、ちゃんこ鍋等	
/fbo/web/app.php/user/product/160	越後鶴亀　復元　日本最古のお酒　鶴亀諸白　古式生酛造り	NA	NA	NA	<使用米>(%)	＜麹米＞(%)	＜掛米＞(%)	NA	NA	NA	NA	NA	NA	生酛仕込	厚みがある味わいだが酸がしっかりしていて意外に飲みやすい	明らかに現代清酒の味わいとは異なった味わいで、非常に飲み口が濃い味になっています。濃醇な味の料理。	40℃ぬる燗ぐらいで本来の持ち味が出てくる	小ぶりで口元のうすい杯。ブランデーグラス	濃醇な味わいのマグロのカマの塩焼きやブリの照り焼き、茄子の田楽みそなどが良く合うと思います	
/fbo/web/app.php/user/product/163	純米酒　生酛	NA	NA	NA	<使用米>(%)	＜麹米＞(%)	＜掛米＞(%)	NA	NA	NA	NA	NA	NA	生酛仕込み	深い旨味と酸味のバランスが味わえる生酛仕込み純米酒	主に日本酒通向け。特に秋から冬に向け。常温又はぬる燗向け。コクのある料理と同調	20℃前後または40～45℃	唐津焼、萩焼など、やや厚みのある焼き物	鰆の西京味噌焼き、じゃがバター、牛フィレステーキわさび醤油添えなど	
/fbo/web/app.php/user/product/178	鏡山　再醸仕込み	NA	NA	NA	<使用米>(%)	＜麹米＞(%)	＜掛米＞(%)	NA	NA	NA	NA	NA	NA	貴醸酒	リンゴジャムのような濃縮された甘味がいっぱいに広がるが爽やかな酸が後口を軽快な印象にしてくれる。貴醸酒タイプの甘口。	食後酒としてチーズやフルーツ、和菓子などと合わせてもよい。料理を選べば食虫酒としても楽しめる。	５〜１０℃	白ワイン用グラス　シェリーグラス　透明ガラス製小ぶりのラッパ型グラスなど	カマンベールチーズまたはセミハードタイプのチーズ　メロンの生ハムのせ　鴨のローストオレンジソースなど	
/fbo/web/app.php/user/product/171	初縁　本醸造原酒ひやおろし	NA	NA	NA	<使用米>(%)	＜麹米＞(%)	＜掛米＞(%)	NA	NA	NA	NA	NA	NA	原酒	まろやかな口当たりだが、ミネラル感ある原酒ならではのしっかりした骨太な味わい。ピリッと辛口の後味すっきり系。	日常の食事の中で気楽に様々な味わいの料理と。気の合う仲間がそろったとき個々の好みで温度を変えながら。	１０前後。又は４５℃前後	陶器の深めのぐい吞み　細身で小ぶりのグラスなど	焼き鳥（たれ）　から揚げ　肉じゃが　麻婆豆腐　ミートソースなど	
/fbo/web/app.php/user/product/180	石井屋欣兵衛	NA	NA	NA	<使用米>(%)	＜麹米＞(%)	＜掛米＞(%)	NA	NA	NA	NA	NA	NA	山廃仕込み	山廃ならではの深みある味わいながらすっきりした後味で洗練された印象。香りは控えめながら飲み飽きないキレのある辛口。	酒の味だけでいえば日本酒通向けだが食事と合わせると互いに引き立てあう食中酒。キレの良い辛口。	１０〜２０℃又は４０〜５０℃	陶器の深めのぐい吞み　細身で小ぶりのグラスなど	いかの塩辛などの珍味　塩鮭　干物　パンチェッタなど	
/fbo/web/app.php/user/product/181	千福　神力生酛純米無濾過原酒	NA	NA	NA	<使用米>(%)	＜麹米＞(%)	＜掛米＞(%)	NA	NA	NA	NA	NA	NA	生酛仕込み、無濾過生原酒	お米の味わいが豊か昔ながらの純米酒	家庭でカジュアルに、居酒屋での提供ご家族や友人と一緒に	常温(15～18度)ぬる燗(40度前後)	陶器でできた猪口など	カキフライ、お好み焼きなど（広島名物にちなんで）肉じゃが、とんかつなどの家庭料理など	
/fbo/web/app.php/user/product/182	千福　にごり酒	NA	NA	NA	<使用米>(%)	＜麹米＞(%)	＜掛米＞(%)	NA	NA	NA	NA	NA	NA	にごり酒	コクがあるが後味がすっきりとした濁り酒	飲食店や家庭など、カジュアルにご家族やご友人と一緒に	冷蔵庫で冷やす（5～10度）常温(15～18度)ぬる燗(40度前後)	涼しげなガラスのおちょこ、陶器でできたおちょこなど	辛めの料理、脂が多めの料理、豆腐を利用したまろやかな料理中華や韓国料理なども相性がよい	
/fbo/web/app.php/user/product/184	久礼　純米酒	NA	NA	NA	<使用米>(%)	＜麹米＞(%)	＜掛米＞(%)	NA	NA	NA	NA	NA	NA	NA	すっきり辛口、米のふくよかな香りが特徴	家庭料理にピッタリ	常温(15～18度)ぬる燗(40度前後)	陶器でできたおちょこなど	肉じゃが、さんまの塩焼き、野菜炒めなど	
/fbo/web/app.php/user/product/187	東一　特別純米酒	NA	NA	NA	<使用米>(%)	＜麹米＞(%)	＜掛米＞(%)	NA	NA	NA	NA	NA	NA	NA	平均的な醇酒。桜餅、ワラビ餅のようなふくよかな香りと、なめらかな味わい	食中酒として最適。2杯目以降から食事後半まで1本で通せる	18℃前後又は40℃前後	薄めの磁器、陶器、土っぽい厚みのある焼き物等が最適お酒が無色に近いのでお酒の色味が見えなくてもOK	塩麹で旨味を足した鶏肉や豚肉料理、メバルの煮付け、アンコウ鍋、天ぷら全般など	
/fbo/web/app.php/user/product/201	長龍　大和秋津穂　純米酒	NA	NA	NA	<使用米>(%)	＜麹米＞(%)	＜掛米＞(%)	NA	NA	NA	NA	NA	NA	NA	キリッとした酸味とかすかな熟成香、穏やかな旨みが隠れている。やや辛口	日本酒通向け、真夏以外どの季節でも、ぬる燗から熱燗で。	18℃前後又は４０℃から４５℃程度	薄口のグイ呑、広口の盃など	しっかりした味付けの料理。魚の煮付け、すき焼き、うなぎの蒲焼きなど	
/fbo/web/app.php/user/product/202	車坂　純米吟醸　古道生原酒	NA	NA	NA	<使用米>(%)	＜麹米＞(%)	＜掛米＞(%)	NA	NA	NA	NA	NA	NA	生原酒	シャープな高い酸が主体だが柔らかな熟した果物の甘い香りもあり、全体に複雑な香りが特徴。やや辛口。	日本酒通向け、秋から冬にかけて	常温（２０℃位）又は熱燗（４５℃位）	厚手のグイ呑（白または乳白色）、広口の盃など	濃い目の味付けの料理。すき焼き、牡蠣の土手鍋、牛肉のピーマン炒め、回鍋肉など	
/fbo/web/app.php/user/product/203	日本城　根来	NA	NA	NA	<使用米>(%)	＜麹米＞(%)	＜掛米＞(%)	NA	NA	NA	NA	NA	NA	NA	シャープな酸味、木の子や草のような爽やかな印象。やや辛口	日常的にアルコール類に親しんでいる方。秋から冬にかけて、軽く冷やすか常温で。	１５℃～１８℃又は２０℃前後	シェリーグラス、薄手のグイ飲み（白）など	香味、味わいに刺激のある料理。生ハム、燻製ソーセージ、クレソンなどの香草を使った魚料理やサラダなど	
/fbo/web/app.php/user/product/204	玉乃光　純米吟醸　酒魂くろ	NA	NA	NA	<使用米>(%)	＜麹米＞(%)	＜掛米＞(%)	NA	NA	NA	NA	NA	NA	NA	純米吟醸だが乳製品のようなふくよかな香りを持ち、豊かな酸味が特徴的なキリリとした濃醇な味わい	幅広い料理に合わせて食中酒として楽しむ	20℃前後、あるいは35℃前後	陶器、磁器の猪口、ぐい呑みなど	鶏の水炊き、太刀魚の塩焼き、牛肉のしゃぶしゃぶ（胡麻だれ）、牡蠣料理、チーズなど	
/fbo/web/app.php/user/product/205	玉乃光　純米大吟醸　伝承山廃仕込み　山田錦100％	NA	NA	NA	<使用米>山田錦(%)	＜麹米＞(%)	＜掛米＞(%)	NA	NA	NA	NA	NA	NA	NA	純米大吟醸だが旨味を思わせるチーズや穀物類のふくよかな香りが豊か。やや濃醇な味わいだがあくまでも上品で繊細。コクはあるがキレがいい	幅広い料理に合わせて食中酒として楽しむ	20℃前後、あるいは35℃前後	陶器、磁器の猪口、ぐい呑み、酒杯など	胡麻サバ、アワビの刺身、牡蠣料理、鰆やマナガツオの西京焼、甘鯛の蕪蒸し、ハードタイプのチーズなど	
/fbo/web/app.php/user/product/208	KONISHI　ナッツとよく合うお酒	NA	NA	NA	<使用米>(%)	＜麹米＞(%)	＜掛米＞(%)	NA	NA	NA	NA	NA	NA	NA	熟したミカンの香りの中にドライフルーツの凝縮感のある香り。口当たりはなめらかだが、序盤には濃厚な甘味、中盤から芳醇な酸味が立ち上がり余韻まで続く。梅酒のテイストを持った酒	ちょっとおしゃれに１人で静かに飲みたい時に	15℃前後	小さなワイングラス、白磁の鷹盃、ショットグラスなど	鶏肉のカシューナッツ炒め、鶏肉のタイ風バジル炒め、マナガツオの唐揚げの辛ソースなど	
/fbo/web/app.php/user/product/209	純米酒　トップ水雷	NA	NA	NA	<使用米>(%)	＜麹米＞(%)	＜掛米＞(%)	NA	NA	NA	NA	NA	NA	NA	強い酸味と旨みの余韻が特徴	春～秋、常温よし	18℃前後又は40℃前後	グイ呑み、小ぶりのグラスなど	和食一般、濃味の野菜料理、肉料理など	
/fbo/web/app.php/user/product/210	豊の秋　純米ひやおろし生詰原酒　	NA	NA	NA	<使用米>(%)	＜麹米＞(%)	＜掛米＞(%)	NA	NA	NA	NA	NA	NA	生詰原酒	熟成感のあるほのかな甘みのやや辛口	秋～冬、常温よし	15～20℃	グイ呑み、小ぶりのグラスなど	和食一般、白身の刺身、薄味の野菜料理など	
/fbo/web/app.php/user/product/213	山廃仕込純米酒	NA	NA	NA	<使用米>(%)	＜麹米＞(%)	＜掛米＞(%)	NA	NA	NA	NA	NA	NA	山廃仕込み	やや複雑な香りと旨味苦味酸味のしっかりしたどっしりとした味わい。	秋冬向け。濃い味付けや油気のある料理と共に食中酒として	30-40℃	和製の焼物など	クリームソースを使った料理全般など	
/fbo/web/app.php/user/product/214	山田錦純米吟醸　ひやおろし	NA	NA	NA	<使用米>(%)	＜麹米＞(%)	＜掛米＞(%)	NA	NA	NA	NA	NA	NA	NA	甘味とアルコールのしっかりしたアタックに始まり、さっと引く短い余韻に終わる味わい。	一年中対応可能。食中酒として	10〜15℃	ミニサイズの酒器（事前に冷やしておいたもの）など	脂ののった魚介類の刺身、旬のサンマ刺身、カツオ刺身、ブリ刺身など	
/fbo/web/app.php/user/product/217	深山菊　秘蔵　特別純米	NA	NA	NA	<使用米>(%)	＜麹米＞(%)	＜掛米＞(%)	NA	NA	NA	NA	NA	NA	NA			NA	NA	NA	
/fbo/web/app.php/user/product/219	純米大吟醸　生酛　招徳	NA	NA	NA	<使用米>(%)	＜麹米＞(%)	＜掛米＞(%)	NA	NA	NA	NA	NA	NA	生酛			NA	NA	NA	
/fbo/web/app.php/user/product/220	出羽ノ雪　生酛特別純米　自然酒	NA	1800ml	¥2,350	<使用米>ササニシキ(60%)	＜麹米＞(%)	＜掛米＞(%)	山形KA・きょうかい701号	生もと	15.3	+0	1.7	0.8	生酛仕込み	乳製品のようなふくよかな香り。ミディアムボディ～フルボディテイスト。しっかりした酸味が特徴	ビギナーから日本酒通まで対応可。ややフォーマルなシーン向け（和）。燗向け。濃厚な料理に合う。	２０℃前後または４５℃前後	備前焼、呑み口の広がった平杯、白磁の猪口など	焼き鳥（タレ）、豚の角煮、酢豚、牛肉の味噌漬け焼きなど、脂ののった料理と好相性	
/fbo/web/app.php/user/product/221	旭日　生もと純米酒	NA	1800ml	¥2,858	<使用米>山田錦(70%)	＜麹米＞(%)	＜掛米＞(%)	自社酵母	生もと	15.0	+2	1.8	-	NA	乳製品のようなクリーミーな香り。まろやかな飲み口。辛口ながら酸味や甘味がアクセントになった味わい	特に秋冬向け。外国人向け。日本酒通向け。食中酒向け。常温からぬる燗向け。和のシーン向け。	18℃前後または40℃前後	中型のワイングラス、平杯など	甘海老の刺身、鰆の西京漬け、有機野菜の煮物、シーフードグラタン、カマンベールチーズなど	
/fbo/web/app.php/user/product/222	一ノ蔵　山廃特別純米酒　円融	NA	1800ml	¥2,305	<使用米>ささろまん(60%)	＜麹米＞(%)	＜掛米＞(%)	自社酵母	山廃	15	2	1.8	1.6	山廃仕込み	輝く山吹の色調。木質、乳製品のような穏やかな香り。やや濃醇な味わい。後味は爽やか	特に秋冬向け。日本酒通向け。和のシーン向け。食中酒でも酒の肴でも対応可。飲用温度帯の幅が広い。	15～18℃または40℃前後	透明なラッパ型グラス、白磁の平杯、小型ロックグラスなど	牡蠣料理、アナゴの天ぷら、生ハム、ホヤの塩辛、イクラ醤油漬けなど濃厚な料理や肴類が好相性	
/fbo/web/app.php/user/product/223	男山　生もと純米	NA	1800ml	¥2,196	<使用米>美山錦(60%)	＜麹米＞(%)	＜掛米＞(%)	きょうかい7号	生もと	15	+3	1.8	1	生酛仕込み	生もと系純米酒の中では軽快な味わい。飲み口を引き締めるシャープな酸味と、キリリとしたドライな後味が特徴	通年向け。カジュアルシーン向け。食中酒向け（北海道料理と好相性）。冷酒でも燗酒でも対応可。	15℃前後または45～50℃前後	小型ワイングラス、日本酒用冷酒グラス、フルートグラスなど	スルメイカの刺身、石狩鍋、花咲きガニ、茹でアスパラガス、生ウニなど北海道の新鮮な食材と好相性	
/fbo/web/app.php/user/product/225	新政　秋田流　純米酒	NA	1800ml	¥2,076	<使用米>(%)	＜麹米＞吟の精(50%)	＜掛米＞秋田酒こまち(60%)	きょうかい601号	生もと	15	+1.0	1.8	1	NA	甘味と酸味が明確。甘やかなでクリーミーな香り。チャーミングな味わいの生もと系純米酒。	通年向け。日本酒通向け。カジュアルでお洒落なシーン向け。和イメージ、洋イメージにも適合。冷酒向け。	10～15℃	白磁の平杯、カット入りのショットグラス、切子類、錫製の猪口など	キノコのクリーム煮、ウオッシュタイプチーズ、シーフードグラタン、しょっつる鍋、イカの沖漬け、カラスミ	
/fbo/web/app.php/user/product/226	鳴門鯛　特別純米酒	NA	1800ml	¥2,300	<使用米>阿波山田錦(60%)	＜麹米＞(%)	＜掛米＞(%)	熊本系	山廃	15.5	+4	1.4	1.4	NA	磯の香りを持つ純米酒。ふくよかな旨味が特徴だが、アタックの甘味、後味のドライ感が融合	特に秋冬向け。日本酒通向け。和のシーン向け。食中酒向け。燗向け。	18℃前後または40～45℃	備前焼の猪口、白磁の平杯、一般的なぐい呑みなど	海草サラダ、白身魚の昆布〆、生牡蠣、岩牡蠣、海苔や山菜の天ぷら（抹茶塩）など磯の風味を持つ料理	
/fbo/web/app.php/user/product/227	萬歳楽　山廃純米酒　剱	NA	1800ml	¥2,095	<使用米>五百万石(68%)	＜麹米＞(%)	＜掛米＞(%)	きょうかい701号	山廃	15.8	+7	1.8	1.4	山廃仕込み	山廃造りの濃醇さが楽しめる一本。コクのある辛口。	日本酒通向け。特に秋冬向け。ぬる燗向け。和のシーン向け。食中酒向け	20℃前後または45～50℃	白磁のぐい呑み、大振りの平盃など	鴨の治部煮、牛肉のしぐれ煮、焼き鳥（タレ）、すきやき、豚の角煮など濃厚な肉料理と好相性	
/fbo/web/app.php/user/product/228	榮川　特別純米酒	NA	1800ml	¥2,476	<使用米>美山錦(%)	＜麹米＞(55%)	＜掛米＞(60%)	自社酵母	速醸	15.3	+4	1.1	1.3	NA	純米酒の中では軽快なテイスト。酸味と旨味バランスよし。やや辛口。	季節問わない。日本酒中級者向け。カジュアルなシーン向け。友人との語らいの場向け。食中酒向け。	15～18℃または40度前後	中型ワイングラス、平杯、薄手の磁器のぐい呑みなど	湯葉、おぼろ豆腐、茶碗蒸し、白身魚の酒蒸し、出汁巻き玉子、蒸しアナゴ等、なめらかな食感の料理と好相性	
/fbo/web/app.php/user/product/229	開華　純米酒	NA	1800ml	¥2,000	<使用米>(65%)	＜麹米＞五百万石(%)	＜掛米＞あさひの夢(%)	栃木酵母	速醸	14.5	+2	1.5	1	NA	原料の米由来の香りは軽快。穏やかな旨味が特徴の純米酒。やや辛口。	季節問わない。万人向け。カジュアルなシーン向け。仲間との宴会向け。食中酒向け。冷やからぬる燗まで対応	10～18℃または40度前後	平杯、磁器製のぐい呑み、中型タンブラー、小型ワイングラスなど	鰤の塩焼き、海老の天ぷら、生ウニ、マグロ中落ち、鶏モモ肉のソテー、広東風五目野菜のうま煮などと好相性	
/fbo/web/app.php/user/product/230	嘉美心　特別純米　桃花源	NA	1800ml	¥2,480	<使用米>アケボノ・アキヒカリ(58%)	＜麹米＞(%)	＜掛米＞(%)	きょうかい901号・岡山白桃酵母	速醸	14.5	+6.5	1.3	1.2	NA	まろやかな米の香りと、明確な甘味が特徴。やや軽快な酒質。	通年向け。女性向け。カジュアルなシーン向け。食中酒向け。冷や向け。和食向け	15℃前後	うりざね型グラス、中型ワイングラス、口径の大きなぐい呑みなど	平目の薄造り、鯛の酒蒸し、しらうおの天ぷら、ハマグリの塩焼き、生牡蠣、イイダコの柔らか煮など	
/fbo/web/app.php/user/product/231	菊姫　先一杯	NA	1800ml	¥2,381	<使用米>山田錦(65%)	＜麹米＞(%)	＜掛米＞(%)	自社酵母	速醸	14.4	+0	1.6	1.5	NA	どっしりとした香りと味わいが特徴。骨太の酸味としっかりした旨味、苦味が調和。辛口。	特に秋冬向け。日本酒通向け。燗向け。中国料理店向け。酒と肴向け。和のシーン向け	20℃前後または45℃前後	白磁のぐい呑み、大振りの平盃など	牛スジ煮込み、サーロインステーキ、鴨鍋、豚の角煮、牛肉のオイスターソース炒め、北京ダックなど	
/fbo/web/app.php/user/product/233	梅錦　純米酒　米の彩	NA	1800ml	¥1,821	<使用米>(%)	＜麹米＞玉栄・山田錦(65%)	＜掛米＞八反錦・愛のゆめ(70%)	きょうかい9号	速醸	15.3	+5.3	1.6	1.2	NA	軽快な苦味が主体のドライテイスト。ほどよい旨味が特徴	通年向け。万人向け。寿司などの和食向け。食中酒向け。冷やでも燗でも対応可	15～18℃または45℃前後	ブルゴーニュ型グラス、薄手のラッパ型タンブラー、磁器製の平杯など	鯛の塩焼き、アサリの酒蒸し、茹でワタリガニ、鱧のおとし梅肉あえ、にぎり寿司、キスの天ぷら	
/fbo/web/app.php/user/product/236	仙禽　純米　葵日光	NA	1800ml	¥1,696	<使用米>(%)	＜麹米＞(78%)	＜掛米＞(78%)	NA	NA	15	+3	1.8	1.2	NA	ふっくらと炊き上がったご飯のような印象の純米酒。ほどよい旨味が特徴。最初に甘味も感じるが、後味は辛口に。	特に秋冬向け。日本酒通向け。和食向け。常温からぬる燗向け。和のシーン向け。	18℃前後または40～50℃	厚手のグイ呑み、うりざね型グラス、大振りの平杯など	牡蠣の土手鍋、鯖の味噌煮、秋刀魚の塩焼き、鶏の立田揚げ、豚肉の味噌漬け焼き、鰤大根などの和食と好相性	
/fbo/web/app.php/user/product/237	開華　特別純米原酒　みがき竹皮	NA	1800ml	¥3,000	<使用米>(%)	＜麹米＞五百万石(59%)	＜掛米＞あさひの夢・ひとごごち(59%)	栃木酵母	速醸	17.5	+3	1.8	1.1	NA	原酒ならではのコクとキレを持った純米酒。後味の力強い辛口感が特徴	通年向け。男性向け。和のシーン向け。友人との語らい向け。食中酒向け。	18℃前後または45℃前後	小振りの猪口、小型のぐい呑みなど	鰺の塩焼き（スダチ添え）、牛タン塩焼き（レモン添え）など、柑橘類を添えた塩焼き料理と好相性	
/fbo/web/app.php/user/product/238	若竹鬼ころし　純米（特別純米原酒）	NA	1800ml	¥2,500	<使用米>(%)	＜麹米＞五百万石(60%)	＜掛米＞あいちのかおり(60%)	静岡酵母（NO-2）	速醸	17.5	+8	1.4	1.2	原酒	原酒らしいコクとキレを持つ特別純米酒。後味のキレのよさが特徴	特に夏向け。男性向け。和のシーン以外でも対応可。エスニック料理と好相性。冷酒向け	10～15℃	薄手の磁器、切子類、竹の猪口、錫の猪口、小型ロックグラスなど	鶏モモ肉の塩焼き（柚子胡椒）、豚の角煮（五香粉）、プルコギ、タンドリーチキン、羊肉のクスクスなど	
/fbo/web/app.php/user/product/244	菊秀　純米酒	NA	1800ml	¥2,300	<使用米>美山錦(65%)	＜麹米＞(%)	＜掛米＞(%)	きょうかい901号	速醸	15.1	+3	1.5	2.1	NA	やや濃醇な酒質で、後味は辛口。ふっくらとした飲み口も特徴	特に秋冬向け。高年齢の男性向け。和食向け。魚介料理向け。家庭料理向け。常温から燗酒向け	20℃前後または40～45℃	焼き物のぐい飲みや猪口類など	鰺の開き、イカと大根の煮物、鰯の生姜煮、カレイの一夜干し、牡蠣の土手鍋、揚げ出し豆腐、鰤の照焼きなど	
/fbo/web/app.php/user/product/245	嘉美心　特別純米酒　渚のうた	NA	1800ml	¥2,300	<使用米>アケボノ・アキヒカリ(58%)	＜麹米＞(%)	＜掛米＞(%)	きょうかい901号・岡山白桃酵母	速醸	14.5	+2.5	1.25	1.2	NA	優しい甘味が持ち味の軽快な特別純米酒。サラリとした優しい味わいが特徴	夏向け。女性向け。冷や向け。食中酒向け（特に前菜類）。カジュアルシーン向け	5～10℃	萩焼の猪口、白磁の平杯、薄手小型のタンブラーなど	豆腐料理、茶碗蒸し、穴子の白焼き、白子ポン酢、帆立貝のグラタン、モッツアレラチーズとトマトのサラダ等	
/fbo/web/app.php/user/product/246	賀茂泉　造賀　純米酒	NA	1800ml	¥2,500	<使用米>山田錦(65%)	＜麹米＞(%)	＜掛米＞(%)	熊本酵母	速醸	15	+0	1.8	1.5	NA	柔らかな甘みのある純米酒。平均的な醇酒タイプ	特に秋冬向け。和のシーン向け。食中酒向け。男性向け。日本酒通向け	15℃前後または35～45℃	焼き物のぐい飲み、平杯など	おでん、よせ鍋、肉じゃが、煮魚、天ぷら、鮭のホイル焼きなどの家庭料理と好相性	
/fbo/web/app.php/user/product/247	久寿玉　手作り純米酒	NA	1800ml	¥2,350	<使用米>ひだほまれ(60%)	＜麹米＞(%)	＜掛米＞(%)	きょうかい901号	速醸	15.5	+4	1.6	1.3	NA	濃醇な旨味を持つ純米酒。余韻の長さと原料米に由来するふくよかな香りが特徴	特に秋冬向け。男性向け。日本酒通向け。和のシーン向け。酒と肴向け。和食向け	18℃前後または40℃前後	焼き物のぐい飲み、蕎麦ちょこ、一般的な平杯など	牛肉の朴葉味噌焼き、猪鍋、鰤大根、キンキの煮付け、カニ味噌、ウニの塩漬け、シジミの佃煮、瓜の酒粕漬け	
/fbo/web/app.php/user/product/248	浦霞　特別純米　生一本	NA	1800ml	¥2,700	<使用米>ササニシキ(60%)	＜麹米＞(%)	＜掛米＞(%)	自社酵母	速醸	15.5	+1.5	1.5	1.5	NA	軽快な穀物香と柔らかな甘味とほんのりとした旨味が特徴。ややコクのあるタイプ	通年向け。男性向け。晩酌向け。居酒屋向け。食中酒向け	10～20℃または40～50℃	一般的なぐい飲み、猪口類など	鍋料理全般、焼魚、煮魚、焼鳥、おひたし、豆腐料理、卵料理など	
/fbo/web/app.php/user/product/250	香露　特別純米酒	NA	1800ml	¥2,752	<使用米>(%)	＜麹米＞山田錦(55%)	＜掛米＞神力(60%)	熊本酵母	高温糖化	15	+2	1.6	1.9	NA	輪郭がはっきりした純米酒	オールマイティではあるが中高年、通年向けだが秋～冬	5℃～50℃	焼き物、ぐい飲み、瀬戸物、	ぶりの塩焼き、焼き鳥、各種あみやき	
/fbo/web/app.php/user/product/257	澤乃井　純米　大辛口	NA	1800ml	¥2,240	<使用米>(%)	＜麹米＞アケボノ(65%)	＜掛米＞ふさおとめ(65%)	きょうかい901号	速醸	15.5	+11	1.8	1.2	NA	ほどよいコクを持った辛口タイプの純米酒	男性向け。特に秋冬向け。酒と肴＆食中酒向け。辛口フリーク向け	15℃前後または45℃前後	大振りの平杯、一般的なグイ呑みなど	肉じゃが、ブリ大根、鯖の味噌煮、鶏肉の照焼き、イカの沖漬け、イクラの醤油漬け、豆腐の味噌漬けなど	
/fbo/web/app.php/user/product/258	八鶴　純米　蔵物語	NA	1800ml	¥2,233	<使用米>華吹雪(60%)	＜麹米＞(%)	＜掛米＞(%)	きょうかい10号	速醸	15.5	+4	1.4	1.5	NA	落ち着いた穀物香。なめらかなテクスチャー。バランスよくまとまった味わいの構成。	特に秋冬向け。男性向け。家庭料理向け。常温からぬる燗向け	20℃前後又は40℃前後	白磁の平杯、薄手のグイ呑みなど	肉じゃが、すきやき、味噌田楽、キンメの煮付け、鰆の西京味噌焼き、おから、酒粕汁など	
/fbo/web/app.php/user/product/259	信濃錦「かかし」純米	NA	1800ml	¥1,952	<使用米>美山錦(70%)	＜麹米＞(%)	＜掛米＞(%)	きょうかい11号	速醸	15.5	+6	1.7	1.4	NA	濃厚な旨味を持つ純米酒。ふくよかな穀物香と余韻の長い旨味が特徴。	特に秋冬向け。男性向け。日本酒通向け。和食向け。常温から燗向け	20℃前後又は40℃前後	白磁のぐい呑み、大振りの平杯など	鯉こく、牛肉の朴葉味噌焼き、鴨の治部煮、アンコウ鍋、身欠きニシン、どじょうの柳川鍋、銀鱈の粕漬け焼き	
/fbo/web/app.php/user/product/260	日置桜　純米酒	NA	1800ml	¥2,350	<使用米>玉栄(65%)	＜麹米＞(%)	＜掛米＞(%)	きょうかい9号	速醸	15.5	+9	2	1.2	NA	木質系の引き締まった香り。厚みのある苦味を中心とした個性的な味わい	どちらかというと日本酒通向け。秋の夜長に季節の料理と共に	20℃前後又は40〜45℃前後	一般的な陶器のぐい呑みなど	〆サバ、カツオのタタキ、魚介の寄せ鍋、牛肉のしゃぶしゃぶなど	
/fbo/web/app.php/user/product/268	菊姫　金劔	NA	1800ml	¥2,762	<使用米>山田錦(65%)	＜麹米＞(%)	＜掛米＞(%)	自社酵母	速醸	15.8	+0.5	1.7	1.7	NA	濃醇な味わいの純米酒。旨味の余韻が長さが特徴。ぬる燗にすると真価を発揮。	日本酒通向け。男性向け。濃厚な和食向け。ぬる燗向け。酒と肴の組合せ向け。	20℃前後または40〜45℃前後	陶器の猪口、ぐい呑み、など	アジのなめろう、ブリのあら煮、石狩鍋、牛肉の粕漬け、牡丹鍋など濃厚な料理と好相性	
/fbo/web/app.php/user/product/269	信濃錦　特別純米　芳醇純米	NA	1800ml	¥2,400	<使用米>美山錦(61%)	＜麹米＞(%)	＜掛米＞(%)	きょうかい1401号	速醸	15.5	+3	1.5	1.3	NA	個性が強い酒ではないが、香りと味わいのバランス、旨味や苦味を中心とした５味のバランスがいい	日本酒通向け。ややカジュアルなシーン向け。特に和食向け。常温から燗向け。	18℃前後または40〜45℃	一般的な陶器、磁器の猪口、ぐい呑みなど	戻りカツオのたたき、サンマの塩焼き、カレイの煮付け、鯉こく、馬刺、牛肉の朴葉味噌焼きなど	
/fbo/web/app.php/user/product/270	富久錦　純米	NA	1800ml	¥2,100	<使用米>キヌヒカリ(70%)	＜麹米＞(%)	＜掛米＞(%)	きょうかい901号	速醸	15.4	+2	1.5	1.8	NA	ナッツ類のようなふくよかな香りが主体。甘味と酸味を感じるが、中盤から旨味と苦味が広がり、余韻まで続く	日本酒通向け。ややフォーマル向け（和）。食中酒向け。常温から燗向け。	20℃前後または40〜45℃前後	一般的な陶器や磁器の猪口、ぐい呑み	戻りカツオのたたき、サンマの塩焼き、カレイの煮付け、ぼたん鍋、栗入り五目煮、鶏肉とカシューナッツ炒め	
/fbo/web/app.php/user/product/272	澤乃井　純米銀印	NA	1800ml	¥1,850	<使用米>(%)	＜麹米＞アケボノ(65%)	＜掛米＞ふさおとめ(80%)	きょうかい901号	速醸	14.5	+1	1.7	1.2	NA	香り、味とも、純米酒らしいふくよかさ。コクのある辛口。	玄人好みのスタイル。食中酒としてじっくり味わえるタイプ。	常温の冷や(15℃)からぬる燗が、おすすめ。	美しい山吹色を生かす、白い酒器が良い。	穴子の照り焼き、関東風おでん、佃煮など。	
/fbo/web/app.php/user/product/273	月の桂　純米酒	NA	1800ml	¥2,400	<使用米>五百万石(55%)	＜麹米＞(%)	＜掛米＞(%)	きょうかい901号	速醸	15.6	+2	1.7	1.5	NA	甘やかな原料香。柔らかで刺激的要素の少ない味わいが特徴。アタックで感じる甘味が明確	通年向け。女性向け。グルメユーザー向け。京料理向け。和のシーン向け	10～15℃または35～40℃	清水焼の猪口、ぐい呑みなど（薄手の形状が好ましい）	京料理料理、甘鯛の若狭焼き、鱧の湯引き、胡麻豆腐、平目の酒蒸し、伊勢海老のお造りなどと好相性	
/fbo/web/app.php/user/product/274	千代寿　純米酒　大虎	NA	1800ml	¥1,930	<使用米>はえぬき(70%)	＜麹米＞(%)	＜掛米＞(%)	きょうかい7号	速醸	15.3	+10	1.5	1.2	NA	ドライな後味が特徴の純米酒。キレのよい飲み口が特徴	特に夏向け。男性向け。カジュアルなシーン向け。食中酒向け	10～15℃前後または50℃前後	小型タンブラー、小型ロックグラス、シェリーグラスなど	戻りカツオのタタキ、マグロ中トロ、鯖の塩焼き、鰤大根、鰻の蒲焼き、キンメダイの煮付けなどと好相性	
/fbo/web/app.php/user/product/278	米鶴　特別純米　田恵	NA	1800ml	¥2,371	<使用米>美山錦(55%)	＜麹米＞(%)	＜掛米＞(%)	きょうかい1001号	速醸	15	+1	1.6	1.2	NA	軽快な原料香と菜類のような爽やかな香り。まろやかな飲み口。伸びやかな旨味が特徴	通年向け。日本酒通向け。和のシーン向け。食中酒向け。冷やでも燗でも対応可	10～20℃または40～50℃前後	磁器製の平杯、うりざね型のグラス、小型ワイングラスなど	セリのおひたし、山菜料理、海草サラダ、鮎の塩焼きタデ酢、サザエの壺焼き、若竹煮、蕪と鶏肉の炊き合わせ	
/fbo/web/app.php/user/product/282	豊の秋　特別純米　純米蔵出し	NA	1800ml	¥2,450	<使用米>(%)	＜麹米＞山田錦(58%)	＜掛米＞改良雄町・山田錦(58%)	きょうかい9号	速醸	15.5	+5	1.9	1.6	NA	原料米由来のふくよかな香りと旨味が明確な純米酒。非常にコクのある味わいで、余韻も長いフルボディテイスト	日本酒通向け。特に秋冬向け。島根県の郷土料理向け。伝統的な和食向け。ぬる燗向け。和のフォーマルシーン	20℃前後又は40℃前後	厚みのある焼き物のぐい呑みなど	出雲蕎麦、鰻の蒲焼き、牡蠣の土手鍋、猪鍋、鴨の炭火焼き、すきやきなど、旨味の濃い料理と好相性	
/fbo/web/app.php/user/product/285	簸上正宗　純米　七冠馬	NA	1800ml	¥2,170	<使用米>(%)	＜麹米＞神の舞(65%)	＜掛米＞五百万石(65%)	きょうかい901号・きょうかい701号	速醸	15	+2.5	1.6	1.3	NA	明るい山吹の色調。ふくよかな原料香が主体。非常にまろやかか印象。ボリューム感の高い豊かな味わい	日本酒通だけでなくワイン通向け。特に秋冬向け。和だけでなく洋のシーンにも向く。食中酒向け	18～22℃	ボルドー型グラス、大振りのうりざね型グラス、中型のグイ呑みなど	鰤大根、ノドグロの塩焼き、穴子の白焼き、牛テールの煮込み、ワタリガニのクリーム煮、白カビチーズ	
/fbo/web/app.php/user/product/288	西の関　上撰手造り　純米	NA	1800ml	¥2,544	<使用米>(%)	＜麹米＞八反錦(60%)	＜掛米＞ヒノヒカリ・八反錦(60%)	きょうかい9号	速醸	15.4	+1	1.4	-	NA	炊いた米などの原料由来の重みのある香り。どっしりとした甘味と旨味が主体の濃厚な味わい。	秋から冬にかけて。ヘビーユーザー向け。ぬる燗向け。	20℃前後または40℃前後	備前焼のグイ呑み、ボルドー型ワイングラス	コクのある料理と好相性。筑前煮、ぶり大根、牛肉朴葉焼き、豚ロース肉の味噌漬け、銀だら西京焼きなど	
/fbo/web/app.php/user/product/290	秀よし　寒造り　純米酒	NA	1800ml	¥2,330	<使用米>(%)	＜麹米＞めんこいな(60%)	＜掛米＞めんこいな(60%)	きょうかい1501号	速醸	15.5	+7	1.6	1.6	NA	やさしさを与える甘味。角のない酸味と苦味のドライテイスト。後味に残る旨味も特徴。	日本酒ビギナーから通まで対応可。特に和食とマッチ。冷やでも燗でも対応可。	15～20℃または35～40℃	磁器の猪口、フルートグラス、薄手の小型タンブラーなど	柔らかい食感の料理と好相性。白身魚のムース、生牡蠣レモン添え、アサリの酒蒸し、ハタハタ一夜干し	
/fbo/web/app.php/user/product/291	一人娘　純米　超辛口	NA	1800ml	¥2,476	<使用米>(%)	＜麹米＞ゆめひたち(55%)	＜掛米＞ゆめひたち(60%)	きょうかい701号	速醸	15.5	+4	1.1	1.2	NA	乳製品を思わせるふくよかで複雑な香り、苦味と旨味によるボリューム感のある味わい。	秋から冬にかけて。ヘビーユーザー向け。ぬる燗向け。	20℃前後または40℃前後	一般的な陶器のぐい呑みなど	クリームなどを使用した濃厚な料理が好相性。クラムチャウダー、シーフードグラタン、あんこう鍋など	
/fbo/web/app.php/user/product/293	七笑　純米酒	NA	1800ml	¥2,233	<使用米>美山錦(60%)	＜麹米＞(%)	＜掛米＞(%)	きょうかい1001号	速醸	15	+2	1.5	1.3	NA	ふくよかで落ちつきのある香りとドライテイストな味わいが特徴。燗にすることにより旨味が広がる。	特に秋冬向け。日本酒通向け。和のシーン向け。食中酒向け。燗向け。	20℃前後または40℃前後	陶器のぐい呑み、ボルドー型ワイングラス	濃厚な味わいの料理と好相性。飛騨牛グリル、鴨胸肉のソテー、うにの貝焼き、身欠きニシンなど	
/fbo/web/app.php/user/product/294	男山　生もと本醸造	NA	1800ml	¥1,953	<使用米>美山錦(60%)	＜麹米＞(%)	＜掛米＞(%)	自社酵母	速醸	15	+3	1.5	1.3	生酛仕込み	ふくよかな香り。ドライな味わい。旨味を伴った厚みのある酸味が特徴。	特に秋冬向け。日本酒通向け。和のシーン向け。食中酒向け。燗向け。	20℃前後または40～45℃前後	陶器のぐい呑み、ボルドー型ワイングラス	クリーミーな料理と好相性。白身魚のバターソテー、かにクリームコロッケ、石狩鍋、イクラの醤油漬けなど	
/fbo/web/app.php/user/product/295	飛良泉　山廃本醸造	NA	1800ml	¥2,300	<使用米>美山錦(60%)	＜麹米＞(%)	＜掛米＞(%)	自社酵母	山廃	15	+8	1.5	0.8	山廃仕込み	淡い山吹色の色調。ふくよかな香り。味わいはドライで、カスタードクリームを思わせる含み香が高いことが特徴。	特に秋冬向け。日本酒通向け。和のシーン向け。食中酒向け。燗向け。	20℃前後または40℃前後	備前焼のぐい呑みや猪口、小型のブランデーグラス、白磁の平杯	濃厚な味わいの料理、クリーミーな料理と好相性。きりたんぽ鍋、しょっつる鍋、ぶり大根、エビチリなど	
/fbo/web/app.php/user/product/296	大七　からくち生酛	NA	720ml/1800ml	1,129/2,258	<使用米>五百万石(69%)	＜麹米＞(%)	＜掛米＞(%)	きょうかい7号	生もと	15.5	+13	1.6	1.1	生酛仕込み	生クリームや金平糖などの上品な香り。味わいは酸味と苦味が主体のドライテイスト。	特に秋冬向け。ビギナー、日本酒通どちらも対応可。和のシーン向け。食中酒向け。燗向け。	20℃前後または40～45℃前後	陶器のぐい呑み	明確な旨味を持つ料理と同調。チーズフォンデュ、チキンカツレツ、鯛の香草焼き、ふろふき大根など	
/fbo/web/app.php/user/product/298	白真弓　本醸造　やんちゃ酒	1.5	1800ml	¥2,150	<使用米>ひだほまれ・ひとめぼれ(60%)	＜麹米＞(%)	＜掛米＞(%)	きょうかい9号	速醸	15	+0	1.9	NA	NA	乳製品やキノコ類を思わせる熟成した香りに反して味わいは軽やか。キレのある苦味が特徴。	秋から冬にかけて。ヘビーユーザー向け。	20℃前後または40℃前後	備前焼のぐい呑み、ボルドー型ワイングラス	濃厚なコクを持つ料理と好相性。チキンソテー、ローストポーク、ビーフシチュー、味噌煮込みうどんなど	
/fbo/web/app.php/user/product/306	西の関　上撰　本醸造　辛口	NA	1800ml	¥2,050	<使用米>(%)	＜麹米＞八反錦(60%)	＜掛米＞ヒノヒカリ(65%)	きょうかい901号	速醸	15.5	+4	1.1	1.2	NA	甘い穀物を思わせるふくよかな香りが主体。やわらかく優しい味わい。中盤から旨味と共に甘味が感じられる。後味はややドライ	特に秋冬向け。日本酒通向け。伝統的な和食向け。常温またはぬる燗向け	18℃前後または40℃前後	白磁のグイ呑み、やや大振りの猪口、一般的な平杯など	肉じゃが、筑前煮、茄子田楽、きんぴらごぼう、鰯の生姜煮、粕汁、鰺の南蛮漬けなど伝統的な和食と好相性	
