/fbo/web/app.php/user/product/1	獺祭　純米大吟醸　磨き二割三分	2012/3	180ml/300ml/720ml/1800ml	\1,458/\2,160/\5,142/\10,285	<使用米>山田錦(%)	＜麹米＞(23%)	＜掛米＞(23%)	協会9号	速醸	16-17	+6	1.1	1.1	NA	新鮮果実の上立ち香と含み香。滑らかな甘味とスッキリとした酸味が特徴。ほのかな旨味も中盤から展開。	特に春から夏向け。ワインフリーク向け。女性向け。	15℃前後	ブルゴーニュ型ワイングラス。やや大振りのフルートグラス	西洋料理と好相性。春野菜のテリーヌ、生牡蠣レモン、茹でホワイトアスパラガス	
/fbo/web/app.php/user/product/6	亀泉　純米吟醸原酒　CEL-24	2012/4	720ml/1800ml	\1,500/\3,500	<使用米>八反錦(50.0%)	＜麹米＞(%)	＜掛米＞(%)	CEL-24	速醸	14.5	-14	1.9	1	生原酒	黄桃やバナナを思わせる明確な吟醸香が特徴。スムーズな飲み口で明確な甘味と酸味が広がる。	特に春から夏向け。女性向け。ワインフリーク向け	10-15℃	白ワイン用グラス、ラッパ型グラス	果実や香草を使用した爽やかな料理と好相性。生春巻き、フルーツサラダ、チキン香草焼き	
/fbo/web/app.php/user/product/7	玉乃光　純米大吟醸　備前雄町100%	2012/02	180ml/300ml/720ml/1800ml	\630/\945/\2,310/\5,250	<使用米>備前雄町(50%)	＜麹米＞(%)	＜掛米＞(%)	協会9号	速醸	16-17	+3.5	1.7	1.2	備前雄町100％	落ち着いた吟醸香。軽快ながらも密度の高い味わい。深みのある純米大吟醸酒	季節を問わない。高級和食店向け。日本酒通向け	15℃前後	小型のワイングラス。	繊細ながらも深みのある料理と好相性。京懐石料理、甘鯛の若狭焼き、鱧の落とし	
/fbo/web/app.php/user/product/8	上善如水	2012/03	180ml/300ml/720ml/1800ml	\300/\612/\1,370/\2,730	<使用米>(60.0%)	＜麹米＞五百万石(%)	＜掛米＞越路早生、こしいぶき(%)	協会18号、7号	速醸	14-15	+5	1.3	1.5	NA	白桃のようなフルーティーな香り。ソフトな飲み口。優しい甘味と旨味が特徴。中辛口	特に春から夏。女子会向け。カジュアルに楽しめる	10℃前後	小型のワイングラス。フルートグラス	料理との相性の幅は広い。フレンチ系前菜・イタリアン系前菜など	
/fbo/web/app.php/user/product/11	獺祭　純米大吟醸酒　50	2013/02	180ml/300ml/720ml/1800ml	\410/\642/\1,539/\3,078	<使用米>(50%)	＜麹米＞山田錦(%)	＜掛米＞山田錦(%)	協会9号	速醸	16	NA	NA	NA	NA	甘い果実のような香りが主体。なめらかな飲み口と後味に広がる甘味が特徴。華やかな印象の味わい。	特に春から夏向け。ワインフリーク向け。女性向け。	15℃前後	ブルゴーニュ型ワイングラス。やや大振りのフルートグラス	果実や野菜を主役とした料理と好相性。ラタトゥィユ、リンゴとフレッシュチーズ、柚子大根	
/fbo/web/app.php/user/product/12	純米吟醸　八海山	2012/03	180ml/300ml/720ml/1800ml	\1,877(720ml)/\3,775(1800ml)	<使用米>(50%)	＜麹米＞山田錦(%)	＜掛米＞美山錦他(%)	アキタコンノNo.2	速醸	15.5	+4	1.2	1.1	NA	控えめなながら果実や花などの吟醸香が特徴。なめらかで軽快、まとまりのある味わい。	特に夏向け。日本酒ビギナー向け。女性向け。パーティツール向け	10-15℃	フルートグラス、小型のワイングラス	爽やかな料理と好相性。白身魚の薄造り柚子ポン酢、鶏肉の香草焼き、タケノコ木の芽あえ	
/fbo/web/app.php/user/product/13	北雪	NA	NA	NA	<使用米>(%)	＜麹米＞(55%)	＜掛米＞(60%)	NA	NA	18	NA	NA	NA	無濾過生原酒	白桃のようなフルーティーな香気。アタックで広がるソフトな甘味と、後味の引き締まったキレのよさが特徴。	特に春から夏向け。女性向け。フォーマルパーティー向け	15℃前後	中型のワイングラス、フルートグラス	新鮮な魚介類と好相性。甘海老の刺身、生牡蠣レモン添え、ヒラメの薄造りポン酢	
/fbo/web/app.php/user/product/20	東光　出羽の里	NA	720ml/1800ml	\1,370/\2,730	<使用米>出羽の里(60%)	＜麹米＞(%)	＜掛米＞(%)	山形酵母	速醸	17	-4	1.5	1.0	原酒		特に春から夏。「和」以外のシーンにも適合。グルメユーザー向け	15-18℃	中型のワイングラス、小振りのブルゴーニュ型グラス	爽やかな香りを持つ料理と好相性。茹でアスパラガス、ムール貝のワイン蒸し、夏野菜と生ハムのサラダ	
/fbo/web/app.php/user/product/21	東一　純米吟醸Nero	NA	720ml	\1,600	<使用米>山田錦(49%)	＜麹米＞(%)	＜掛米＞(%)	NA	速醸	13	0.7	1.4	NA	NA		特に春から夏。白ワインフリーク向け。女性向け。グルメユーザー	10-15℃	中型のワイングラス、小振りのブルゴーニュグラス	魚介類を洋風に仕立てた料理と好相性。帆立貝のワイン蒸し、ワタリガニのトマトソース	
/fbo/web/app.php/user/product/23	純米吟醸酒　出羽桜	NA	720ml/1800ml	\1,428/\2,909	<使用米>出羽燦々(50%)	＜麹米＞(%)	＜掛米＞(%)	山形酵母KA	速醸	15.8	+4	1.4	NA	生酒		特に春から夏。女性向け。典型的な吟醸酒好き向け	15℃前後	中型のワイングラス。大振りのフルートグラス	食前酒として最適。爽やかな味付けの突出しや前菜と共に	
/fbo/web/app.php/user/product/28	純米吟醸　相模灘　無濾過生原酒	NA	720ml/1800ml	\1,800/\3,600	<使用米>山田錦(50%)	＜麹米＞(%)	＜掛米＞(%)	協会9号	速醸	17～18	+2	1.6	NA	無濾過生原酒		季節問わない。単独でも食中でも楽しめる。日本酒通向け	15-18℃	中型のワイングラス、薄手のラッパ型グラス	旨味のある魚介類と好相性。金目鯛や鰺のタタキ、岩ガキ	
/fbo/web/app.php/user/product/36	一白水成	NA	NA	\5,250	<使用米>(50%)	＜麹米＞(%)	＜掛米＞(%)	NA	速醸	17	NA	NA	NA	NA		特に春から夏。女性向け。日本酒通向け。グルメユーザー向け	15℃前後	柔らかな触感の平杯、小振りのワイングラス	自然な甘味を持つ料理と好相性。有機野菜のおひたし、蒸し海老、甘海老の刺身など	
/fbo/web/app.php/user/product/37	大七　頌歌	NA	720ml/1800ml	\5,400/\10,800	<使用米>山田錦(%)	＜麹米＞(%)	＜掛米＞(%)	大七酵母	生酛	16～17	+1.5	1.4	NA	生酛	華やかで果実のような甘さを思わせる香りに原料香や乳製品の香りが融合。軽快ながら長い余韻が特徴。	季節問わない。日本酒通向け。グルメユーザー向け。特別な日向け	15℃前後	中型のブルゴーニュ型グラス、フルートグラス	上品で深い旨味を持つ海鮮類と好相性。伊勢海老、蟹、生ウニ、白子など	
/fbo/web/app.php/user/product/38	大吟醸　四ツ星	NA	720ml	NA	<使用米>(40%)	＜麹米＞(%)	＜掛米＞(%)	NA	NA	16～17	NA	NA	NA	NA		特に春から夏。日本酒好きの女性向け。食中酒向け大吟醸酒	15℃前後	中型のワイングラス。フルートグラス	脂ののった魚介類と好相性な大吟醸酒。ノドグロ塩焼き、マグロ中トロ、ブリの刺身など	
/fbo/web/app.php/user/product/39	国士無双　生酒の中の本当の生酒	NA	720ml	\1,565	<使用米>美山錦(55%)	＜麹米＞(%)	＜掛米＞(%)	NA	速醸	18～19	+4	NA	NA	原酒生酒		特に春から夏。友人との食事時。	5-10℃。またはオンザロック	小型のロックグラス。見た目の鮮やかな切子。	新鮮な魚介類と好相性。毛ガニ、イカの刺身、白身魚のカルパッチョなど	
/fbo/web/app.php/user/product/43	黒松翁	NA	500ml/720ml/1800ml	\1,840/\2,630/\5,800	<使用米>三重県伊賀産山田錦(45%)	＜麹米＞(%)	＜掛米＞(%)	NA	速醸	17～18	+4	1.2	1.2	原酒		特に春から初夏。友人との語らいの席	15℃前後	中型のワイングラス形状。	清涼な香り高い料理と好相性。フルーツサラダ、白身魚のカルパッチョ	
/fbo/web/app.php/user/product/47	大吟醸　福一	NA	720ml/1800ml	\5,250/\10,500	<使用米>山田錦(40%)	＜麹米＞(%)	＜掛米＞(%)	福井5号酵母	速醸	17.5	+5.5	1.2	NA	NA		特に春から夏。日本酒をゆっくり嗜めるシーンに。	15℃前後	中型のワイングラス。フルートグラス	清涼な香りを持つ料理と好相性。鮎料理、山菜料理、ハーブを使った料理	
/fbo/web/app.php/user/product/48	菊盛　春一輪	NA	720ml	\1,418	<使用米>55(%)	＜麹米＞(%)	＜掛米＞(%)	NA	速醸	15～16	+3	NA	NA	うすにごり　微発泡		特に春から夏。女性向け。ビギナー向け。	10℃前後	フルートグラス、円筒型の白磁器	魚介料理全般と好相性。鱈チリ、白子ポン酢、鮭の粕汁など	
/fbo/web/app.php/user/product/50	森乃菊川　蔵の華	NA	720ml	\2,100	<使用米>(%)	＜麹米＞(%)	＜掛米＞(%)	NA	速醸	17～18	NA	NA	NA	生原酒		特に春から夏。女性向け。ビギナー向け。食中酒向け純米吟醸酒	10-15℃	中型のワイングラス、ラッパ型グラス	爽やかな風味を持つ料理と好相性。フルーツトマト、生牡蠣レモン、シーフードマリネ香草風味	
/fbo/web/app.php/user/product/51	純米大吟醸　蒼田	NA	720ml/1800ml	\2,625/\5,250	<使用米>山田錦(39%)	＜麹米＞(%)	＜掛米＞(%)	NA	速醸	15～16	+1～+3	1.1～1.2	NA	NA		特に春から夏。グルメユーザー向け。日本酒通向け	15℃前後	中型のワイングラス。ラッパ型のグラス	料理との相性の幅の広い純米大吟醸酒。フレンチ、イタリアンのコースのパートナー	
/fbo/web/app.php/user/product/53	北秋田	NA	720ml/1800ml	\985/\2,243	<使用米>(50%)	＜麹米＞(%)	＜掛米＞(%)	NA	速醸	15～16	+3	1.3	NA	NA		特に春から夏。ビギナー向け。女性向け。和以外の業態向け	15℃前後	中型のワイングラス、ラッパ型グラス	西洋料理の爽やかな前菜などと好相性。野菜のテリーヌ、ブルスケッタ、カプレーゼなど	
/fbo/web/app.php/user/product/61	楯野川　純米大吟醸　三十三	NA	720ml/1800ml	\2,415/\4,830	<使用米>庄内産出羽燦々(33%)	＜麹米＞(%)	＜掛米＞(%)	山形KA　山形31号	速醸	15～16	+1	1.4	1.1	NA		特に春から夏。食中酒向け。ビギナー向け	10-15℃	小型のワイングラス、フルートグラス、シェリーグラス	高級海鮮料理と好相性を示す純米大吟醸酒。フグの薄造り、カニ料理、鮑の酒蒸しなど	
/fbo/web/app.php/user/product/66	たたらの里	NA	720ml	\4,500	<使用米>山田錦(40%)	＜麹米＞(%)	＜掛米＞(%)	NA	速醸	18～19	+5	1.7	NA	5年古酒		季節問わない。日本酒通向け。単独飲用にも向く。バーツール向け	15℃前後	リキュールグラス、シャリーグラス、細身のワイングラス	個性的な相性を楽しめる。ドライフルーツ、熟成生ハムとリコッタのサラダ、鴨のオレンジソースなど	
/fbo/web/app.php/user/product/72	超特選　白雪　純米大吟醸　大褒寿	NA	NA	NA	<使用米>(%)	＜麹米＞(%)	＜掛米＞(%)	NA	NA	NA	NA	NA	NA	NA	華やかで気品高い吟醸香。やや軽快な酒質で、綿菓子様の甘味と米由来の旨味が下支えしている。やや辛口。	ビギナーでも気軽に飲用できる純米大吟醸酒。明るく、華やかな雰囲気の中で楽しめるキャラクター。	10～15℃	中型のワイングラス、ラッパ型グラスなど	淡白な素材をシンプルに調理した料理と好相性。アナゴの白焼き、帆立貝のワイン蒸し、生春巻きなど	
/fbo/web/app.php/user/product/83	純米吟醸生　山田錦	NA	NA	NA	<使用米>(%)	＜麹米＞(%)	＜掛米＞(%)	NA	NA	NA	NA	NA	NA	生酒	完熟果実を思わせる華やかな吟醸香と、酸味と苦味がもたらすキレのよい味わいが特徴	食前酒に向くと共に、魚介類、野菜類を使用した前菜との相性が楽しめる純米吟醸酒。	10～15℃	ワイングラス、ラッパ型グラスなど	清涼な香りを持つ料理と同調。シーフードマリネ香草風味、トマトとバジリコのサラダ、鮎の塩焼きタデ酢など	
/fbo/web/app.php/user/product/118	黒松翁　大吟醸原酒　赤箱	NA	NA	NA	<使用米>(%)	＜麹米＞(%)	＜掛米＞(%)	NA	NA	NA	NA	NA	NA	原酒、大吟醸３種ブレンド	青リンゴ、メロンを思わせるフルーティな香りが主体。すっきりした酸とドライ感が特徴	食前酒向け。原酒のフレッシュな味わいと華やかな香りを楽しむ	10℃～15℃	ワイングラス	トマトのサラダ、トマトソースのパスタなど	
/fbo/web/app.php/user/product/122	玲瓏源平　大吟醸	NA	NA	NA	<使用米>(%)	＜麹米＞(%)	＜掛米＞(%)	NA	NA	NA	NA	NA	NA	NA	上品で繊細な香味の大吟醸酒。和製果実や花を思わせるフルテーィーさが特徴	会席料理のパートナーとして活用。ワイングラスで飲用すべき日本酒。春から初夏向け。	10℃～15℃	ブルゴーニュ型ワイングラス、ラッパ型グラスなど	白身魚の薄造り、茹でカニ、豆腐料理、茹でアスパラガス、トマトのバジルのサラダなど	
/fbo/web/app.php/user/product/126	純米大吟醸　上喜元　千本錦　槽垂れ	NA	NA	NA	<使用米>(%)	＜麹米＞(%)	＜掛米＞(%)	NA	NA	NA	NA	NA	NA	槽垂れ	柔らかく艶のある純米大吟醸酒。とろりとした口当たりとフルーティーな吟醸香が楽しめます。	華やかな香りがお好みの方。初心者でも心行くまで日本酒の美しさを楽しめます	10℃から15℃前後	淵の薄いチューリップ状のグラス	山菜のテンプラ、グリーンアスパラのバター焼き、春きゅうりと鶏肉のバンバンジーなど	
/fbo/web/app.php/user/product/127	勝山　䴇　LEISAPPHIRELABEL	NA	NA	NA	<使用米>(%)	＜麹米＞(%)	＜掛米＞(%)	NA	NA	NA	NA	NA	NA	袋搾り	華やかな甘味のある吟醸香と味わい。原酒12度でアルコールの刺激がなくさまざまなフレンチの食材に寄り添う。	大切な人と特別な時にフレンチとともにワイングラスで味わいたい	10℃から15℃前後	少し細身のワイン用のグラス	フレンチ全般、白カビ系のチーズ、魚の麹漬け	
/fbo/web/app.php/user/product/128	勝山　䴇　LEIRUBYLABEL	NA	NA	NA	<使用米>(%)	＜麹米＞(%)	＜掛米＞(%)	NA	NA	NA	NA	NA	NA	遠心搾り	硬質で清透感ある甘み。それに麹由来の旨みとリンゴのようなさわやかな酸味が寄り添う。	大切な人と特別な時にフレンチ、特に肉料理とともにワイングラスで味わいたい	10℃から15℃前後	少し大振りなワイングラス	和牛赤身肉のステーキ、ポークソテー、ラムのグリル、北京ダックなどの肉料理	
/fbo/web/app.php/user/product/130	勝山　元　RUBYLABEL	NA	NA	NA	<使用米>(%)	＜麹米＞(%)	＜掛米＞(%)	NA	NA	NA	NA	NA	NA	袋搾り	完熟メロン、青りんご、パイナップル、はちみつ、干しブドウ、生クリーム、フルーツケーキなど緻密で凝縮感ある甘味と生クリームのようななめらかさ	メープルシロップを使ったケーキやドライフルーツとともにじっくり味わいたい。	10℃から15℃前後	貴腐ワイン用のワイングラスまたはうりざね型のグラス	ブルーチーズやフォアグラなどをまず！ドライフルーツ、メープルシロップ、干しブドウなど	
/fbo/web/app.php/user/product/132	ChateauGACKTGEN-SAKEDOLCE	NA	NA	NA	<使用米>(%)	＜麹米＞(%)	＜掛米＞(%)	NA	NA	NA	NA	NA	NA	NA	完熟した果実や濃縮感ある甘み。麹由来の旨み。	フレンチを中心にデザートまで幅広く味わえる一本。大切な人と大切なひと時に	10℃前後	うりざね型のグラス	ブルーチーズやフォアグラなどをまず！ドライフルーツ、メープルシロップ、干しブドウなど	
/fbo/web/app.php/user/product/133	特別大吟醸　四ツ星	NA	NA	NA	<使用米>(%)	＜麹米＞(%)	＜掛米＞(%)	NA	NA	NA	NA	NA	NA	NA	青菜野菜を思わせる味わいと果実と乳のようなまろやかで華やかな香り	初心者から日本酒通の方まで幅広く楽しめる。日常の中でちょっと贅沢を味わいたいときに	10度から15℃前後	淵の薄いチューリップ状のグラス	山菜のテンプラ、新じゃがバター、春鯛のムニエル、さやいんげんの中華炒めなど	
/fbo/web/app.php/user/product/138	長龍大吟醸　広陵蔵	NA	NA	NA	<使用米>(%)	＜麹米＞(%)	＜掛米＞(%)	NA	NA	NA	NA	NA	NA	大吟醸	華やかな吟醸香と繊細できれいな酸味と旨み、わずかに苦味もあり淡麗辛口。	華やかな吟醸香で日本酒ビギナーでも飲みやすく若い女性や上品な食事向き。	15℃前後	シャンパングラス、白磁のグイ呑み、細身のグラス。	白身の刺身、白身の焼き魚やムース、魚介類のグラタン、ホタテとブロッコリーの炒め物など幅広い。	
/fbo/web/app.php/user/product/147	北鹿　大吟醸　夢の幻	NA	NA	NA	<使用米>(%)	＜麹米＞(%)	＜掛米＞(%)	NA	NA	NA	NA	NA	NA	原酒	華やかさと爽やかさが同居する香り。甘味とアルコール由来の苦味が程良くバランス。余韻は短くドライ	ビギナー向け。お燗には不向きのため冬以外の季節の提供が望ましい。	8～13℃	ワイングラス、透明なラッパ型	酸味のあるさっぱりとした料理と合わせるのがベスト。ハモの湯引き梅肉和え、シーフードサラダなど	
/fbo/web/app.php/user/product/154	越乃雪椿　月の玉響　純米大吟醸	NA	NA	NA	<使用米>(%)	＜麹米＞(%)	＜掛米＞(%)	NA	NA	NA	NA	NA	NA	速醸もと仕込	柔らかくふくよかな味わいだが、引き締まった苦味がお酒の味を調えている	秋の味覚とともにお酒の持つまろやかでふくよかな味わいを楽しみたい。	15℃前後に軽く冷やして	口造りの厚く口径の大きな暖色系の杯。うりざね型のグラス	秋の脂ののった鮭やさんまの塩焼き等の魚介類と好相性	
/fbo/web/app.php/user/product/155	大吟醸　越後桜	NA	NA	NA	<使用米>(%)	＜麹米＞(%)	＜掛米＞(%)	NA	NA	NA	NA	NA	NA	速醸もと仕込	シャープできれいな典型的な淡麗辛口	初夏の時期に良く冷やして友人と夕涼みを楽しみながら、軽いあてとともに	10℃前後に冷やして香りを楽しみながら40℃前後のぬる燗でお酒の旨味を楽しむも良し	ラッパ型又はうりざね型のグラス。口元のうすい中ぐらいの立ちぐい呑み	極力あっさりした魚介の造りや、枝豆や大根サラダなどの野菜類と合わせても良いと思います	
/fbo/web/app.php/user/product/165	七冠馬　山廃純米吟醸	NA	NA	NA	<使用米>(%)	＜麹米＞(%)	＜掛米＞(%)	NA	NA	NA	NA	NA	NA	山廃仕込み	山廃仕込みの純米吟醸酒。、フルーティーさとふくよかさが同居する多層な酒質	日本酒通向け。秋にふさわしいアイテム。酒単独でも楽しめる。和洋中問わない料理と好相性を示すマルチさ	15℃前後又は40℃前後	ラッパ型形状グラス、中型ワイングラス、チューリップ型グラスなど	若鶏のオレンジ煮、ソーセージとブドウの甘口白ワイン蒸し、牡蠣のグラタン、手長エビのスパゲッティなど	
/fbo/web/app.php/user/product/167	特撰大吟醸　稲田姫　限定斗瓶囲い原酒	NA	NA	NA	<使用米>(%)	＜麹米＞(%)	＜掛米＞(%)	NA	NA	NA	NA	NA	NA	原酒	熟した果実のようなフルーティな香り。軽やかなあっ磁歪で、清涼な甘味と酸味が特徴。	フォーマル（特別）なシーン、ワイングラスなどの飲用、食前酒に向く。高級和食又はフレンチなどと好相性	15℃前後	ラッパ型形状のグラス、ブルゴーニュ型ワイングラスなど。	会席料理全般、伊勢海老の刺身、鱧と松茸の椀物、舌平目のポワレ、鮑のムース、帆立貝のカルパッチォなど	
/fbo/web/app.php/user/product/169	人気一　ゴールド人気　純米大吟醸	NA	NA	NA	<使用米>(%)	＜麹米＞(%)	＜掛米＞(%)	NA	NA	NA	NA	NA	NA	NA	果実系の香りとコンパクにまとまった甘味酸味。きれいな酸味によるドライ感と短い余韻。	季節は特に問わないが、夏に冷酒向き。さらりとした淡麗な酒質で汎用性高い。	10-15℃前後	無色透明の飲みきりサイズのガラス製のグラス	透明感のある淡麗な酒質に淡泊な料理を合わせる。白身魚の刺身、豆腐、イカとホタテの炒め物	
/fbo/web/app.php/user/product/170	人気一　11純米原酒	NA	NA	NA	<使用米>(%)	＜麹米＞(%)	＜掛米＞(%)	NA	NA	NA	NA	NA	NA	低アルコール	香りも味も甘い要素が中心。きれいな酸味が味を引き締め、余韻は短い。	低アルコールと香り高さを生かして暖かい季節で汎用性が高い。ビギナーやワインファンにも対応可。	10-15℃前後	ワイングラス	甘味とのバランスで塩味の魚介類の料理を合わせる。魚の塩焼き、魚介類の塩炒め	
/fbo/web/app.php/user/product/172	純米大吟醸　寒山水　45％磨き	NA	NA	NA	<使用米>(%)	＜麹米＞(%)	＜掛米＞(%)	NA	NA	NA	NA	NA	NA	NA	”山田錦”のふくよかさと”雄町”のシャープさを兼ね備えた、キレある味わい　中辛口	日本酒通向き。春から初夏に冷やして。	１０℃～１５℃	小ぶりの陶器。中型（１００ｍｌ程度）の切子。錫の酒器	淡白な味わいを活かした和食など	
/fbo/web/app.php/user/product/174	純米大吟醸　喜多屋　50％磨き	NA	NA	NA	<使用米>(%)	＜麹米＞(%)	＜掛米＞(%)	NA	NA	NA	NA	NA	NA	NA	酒造好適米”山田錦と吟のさと”を活かした、”華やか香りとふくらみのある味わい”　やや辛口。	日本酒好きから初心者まで。春から初夏に。キリリと冷やして。	１０℃～１５℃	小ぶりの陶器。中型（１００ｍｌ程度）の切子。錫の酒器	旬の素材を活かした和食料理など。	
/fbo/web/app.php/user/product/175	純米吟醸　蒼田	NA	NA	NA	<使用米>(%)	＜麹米＞(%)	＜掛米＞(%)	NA	NA	NA	NA	NA	NA	NA	酒造好適米。山田錦で醸した”ふくらみのある香りとふくよかな旨味”の一品。やや甘めの旨口。	日本酒好きから初心者まで。初夏から盛夏に。キリリと冷やして。	１５℃～１８℃	小ぶりの陶器。中型（１００ｍｌ程度）の切子。錫の酒器	旬の素材を活かした料理。　山菜、露地野菜などの和食。	
/fbo/web/app.php/user/product/176	大七　皆伝	NA	720/1800	2700/5400	<使用米>(%)	＜麹米＞(%)	＜掛米＞(%)	NA	NA	NA	NA	NA	NA	生酛仕込み	きめが細かくシルキーな飲み口。ふくよかな米の旨みがふんわり口中に広がり白ブドウのような爽やかな香りが抜ける。バランスの良い中口。	ビキナーから日本酒通まで飲み手を選ばない。ハレの日のシーンで上質で高級感あふれる演出にふさわしい一本	１０-１５℃又は３５-４５℃	白磁で薄手の朝顔形状の猪口。白ワイン用のグラス。口が広がったラッパ状の小型のグラスなど	甘鯛の塩焼き　蛤の酒蒸し　しゃぶしゃぶごまたれ　白身魚のカルパッチョなど	
/fbo/web/app.php/user/product/185	吟醸　ひやおろし	NA	NA	NA	<使用米>(%)	＜麹米＞(%)	＜掛米＞(%)	NA	NA	NA	NA	NA	NA	NA	青りんごや青菜を思わせる爽やかな香り。キレのよい後味。ほどよい苦味とほのかな旨味も存在。	一人は吟醸酒好き、一人は少ししっかりしたものが飲みたいなど好みがズレる場合、どちらの方も満足できる。	少し冷やす。10～15℃	ワイングラス、錫のぐいのみなど	青菜のおひたし（ほのかな旨味がかくれている酒なので、すこしコクのあるゴマ和え、ピーナッツ和えで）	
/fbo/web/app.php/user/product/188	東一　純米吟醸酒	NA	NA	NA	<使用米>(%)	＜麹米＞(%)	＜掛米＞(%)	NA	NA	NA	NA	NA	NA	爽酒よりの薫酒	一口目に甘味を感じるが苦味と酸味が余韻として残る。サッパリした爽やかな香味	少し旨甘味を最初に感じるので、２杯目以降がおすすめ。後口はドライなので、食事の最後まであわせられる。	15℃前後	ワイングラス、錫のぐいのみ	白海老のお造り、レンコン焼き（オリーブ油＋しょうゆ）、きんぴら、他、野菜系の重過ぎない料理全般	
/fbo/web/app.php/user/product/194	上喜元　中秋の風花	NA	NA	NA	<使用米>(%)	＜麹米＞(%)	＜掛米＞(%)	NA	NA	NA	NA	NA	NA	NA	全体的にはスッキリとした味わいながら、米の旨味を備えた薫酒タイプ。淡く濁った色調も特徴	ビギナー向。ターゲットは20代半ば～30代女性。秋に中秋の名月と秋の味覚と合わせて月見酒等の演出も可	10～15℃	背の高い白ワイングラス又は薄い口作りの中口径のガラスの杯など	湯豆腐、生湯葉の造り、山芋短冊、鶏のタタキ(わさび醤油にて)、　鱈の燻製、里芋の煮物など	
/fbo/web/app.php/user/product/196	純米吟醸　山田錦	NA	NA	NA	<使用米>(%)	＜麹米＞(%)	＜掛米＞(%)	NA	NA	NA	NA	NA	NA	NA	華やかでフルーティな香りと味わい	春から初夏にかけて少しフォーマルに洋食にも	10℃～15℃	ワイングラスなど	サラダ、カルパッチョなど	
/fbo/web/app.php/user/product/197	苗加屋　大吟醸斗瓶取り原酒	NA	NA	NA	<使用米>(%)	＜麹米＞(%)	＜掛米＞(%)	NA	NA	NA	NA	NA	NA	原酒	華やかで爽やか、ドライな辛口	フォーマルに。パーティーでの乾杯に	10℃前後	小振りのグラス、ワイングラスなど	菜の花のおひたし、山菜の天ぷら、鶏ササミのたたきなど	
/fbo/web/app.php/user/product/198	苗加屋　純米大吟醸袋吊り原酒	NA	NA	NA	<使用米>(%)	＜麹米＞(%)	＜掛米＞(%)	NA	NA	NA	NA	NA	NA	原酒	フルーティーな香り、清涼な酸味、ふんわりとした甘味と旨味	フォーマルに、洋食などカップルで	10℃～15℃	ワイングラスなど	帆立貝とグレープフルーツのサラダ、茹でシャコ、カニ酢など	
/fbo/web/app.php/user/product/206	KONISHI　大吟醸ひやしぼり	NA	NA	NA	<使用米>(%)	＜麹米＞(%)	＜掛米＞(%)	NA	NA	NA	NA	NA	NA	NA	メロンや洋梨など熟した果物の華やかな香りが豊か。味わいは軽快で、序盤の爽やかな甘味と酸味から終盤は一転ドライに変わる。	家庭や若者向けのカジュアルなシーンで	10〜15℃	小さなワイングラス、うりざね型のグラスなど	鴨のローストのオレンジソース、ポークソテーのパイナップルソース、完熟イチジクと生ハムのオードブルなど	
/fbo/web/app.php/user/product/211	吟醸　七冠馬	NA	NA	NA	<使用米>(%)	＜麹米＞(%)	＜掛米＞(%)	NA	NA	NA	NA	NA	NA	NA	フルーティーな香りと口当たりの良さのやや甘口	春～秋、食前酒として最適	15℃前後	華やかな香りが楽しめるラッパ状のグラスなど	和食一般、白身の刺身、薄味の野菜料理など	
/fbo/web/app.php/user/product/99	純米吟醸奏雨-sow-	NA	NA	NA	<使用米>(%)	＜麹米＞(%)	＜掛米＞(%)	NA	NA	NA	NA	NA	NA	NA	果実らしい甘やかな香りと酸味の爽やかさのある軽い味わい	暖かい季節。白ワイン的でもあるので洋風にも対応可能。食前酒としてやさっぱりした前菜に合わせての提供	10-15℃	小ぶりのワイングラスなど	蒸し物に果実酢を合わせた料理全般、白身魚の薄作り柚子ポン酢。カンキツ入りのサラダなど	
/fbo/web/app.php/user/product/323	雪の茅舎　純米吟醸	NA	NA	NA	<使用米>(%)	＜麹米＞(%)	＜掛米＞(%)	NA	NA	NA	NA	NA	NA	NA	花や果実のような甘い香りが特徴。さらりとした口当たりに、含み香には林檎、白桃、バラの様な香りも感じられる。ドライでシャープな余韻が残る。	特に春から初夏向け。華やかなシーン、お花見などで。日本酒初心者向け。清涼感溢れる季節と酒質が同調。	１５℃前後	ラッパ型グラス、ワイングラスなど	生牡蠣のレモン添え　白菜の柚子紫蘇漬け　サーモンマリネ　シーフードサラダ　酢の物　春雨サラダ　	
/fbo/web/app.php/user/product/326	鷹勇　大吟醸	NA	NA	NA	<使用米>(%)	＜麹米＞(%)	＜掛米＞(%)	NA	NA	NA	NA	NA	NA	NA	柔らかいさらりとした口当たり。華やかで甘味を思わせる香りが主体。味わいはスッキリとしており余韻にキレがある。	特に春から初夏にかけて清涼感ある季節に同調する酒質。華やかな香味のお酒、癖のない万人向けといえる	15℃前後	ラッパ型グラス、ワイングラス、花柄入りの磁器	シロハタ寿司、タコの薄造り　ポン酢、魚介類のマリネ、タコときゅうりのサラダ　レモン風味、春雨サラダ	
/fbo/web/app.php/user/product/327	まぼろし　純米大吟醸原酒	NA	NA	NA	<使用米>(%)	＜麹米＞(%)	＜掛米＞(%)	NA	NA	NA	NA	NA	NA	NA	絹のようななめらかな甘味と酸味が特徴。含み香で熟したリンゴのような果実香を感じる。旬の果実を思わせる瑞々しい印象。	特に春から夏にかけてスッキリと華やかで薫り高い花や果実を思わせる上品な香りハレの日におすすめできる	10℃前後	ラッパ型グラス、ワイングラス、花柄入りの磁器、（薄手で小振りの物）	海藻サラダ、柚子大根、魚介類のマリネ、林檎とシナモンのリゾット、春雨サラダ、白菜の甘酢漬け	
/fbo/web/app.php/user/product/335	高清水　純米大吟醸酒	NA	NA	NA	<使用米>(%)	＜麹米＞(%)	＜掛米＞(%)	NA	NA	NA	NA	NA	NA	NA	フルーティで華やかな香りが特徴。味わいは軽やかな甘味と酸味が爽やかさを感じさせる。後半に強調される味が後味をドライテイストに仕上げる。	春から初夏向け。女性、ビギナー向け。パーティー向け。食前酒、1杯目向け。	15℃前後	ブルゴーニュ型ワイングラス、ラッパ型グラス	白身魚の薄造り　柚子ポン酢、モッツァレラチーズとトマトのサラダ、バジリコ風味、冬瓜カニあんかけなど	
/fbo/web/app.php/user/product/336	純米吟醸酒　香り爛漫	NA	NA	NA	<使用米>(%)	＜麹米＞(%)	＜掛米＞(%)	NA	NA	NA	NA	NA	NA	NA	瑞々しさのあるフルーティな香りにすがすがしさを感じる。軽快な酸味が味わいをスッキリとまとめる。	春から初夏向け　ビギナー向け　若者向け　パーティー向け	15℃前後	ブルゴーニュ型ワイングラス　ラッパ型グラス	穴子の白焼き　柚子胡椒、シーフードマリネ　ハーブ風味、蒸し鶏の冷製など	
/fbo/web/app.php/user/product/337	天の戸　純米大吟醸酒	NA	NA	NA	<使用米>(%)	＜麹米＞(%)	＜掛米＞(%)	NA	NA	NA	NA	NA	NA	NA	リンゴやメロンを思わせる甘く華やかな香りが特徴。滑らかな飲み口に爽やかな甘味と酸味、苦味が味わいを引き締める。	春から初夏向け。女性向け。フォーマルなシーン向け。パーティー向け。単独飲用向け。	15℃前後	ブルゴーニュ型ワイングラス　ラッパ型グラス	海老しんじょう　レモン添え、鮎の塩焼き　タデ酢、帆立貝とグレープフルーツのサラダ、ウニのムースなど	
/fbo/web/app.php/user/product/340	府中誉　渡舟	NA	NA	NA	<使用米>(%)	＜麹米＞(%)	＜掛米＞(%)	NA	NA	NA	NA	NA	NA	NA	リンゴやパイナップルを思わせる明るい華やかな香りが印象的。キレを感じさせる苦味がフレッシュな味わいをもたらす。	春から初夏向け。女性向け。フォーマルなシーン向け。食前酒、1杯目向け	15℃前後	ブルゴーニュ型ワイングラス、ラッパ型グラス、大振りの平杯など	タコときゅうりのサラダ　レモン風味、魚介類のゼリー寄せ、ゆでホワイトアスパラガスなど	
/fbo/web/app.php/user/product/347	千寿　唐子踊り	NA	NA	NA	<使用米>(%)	＜麹米＞(%)	＜掛米＞(%)	NA	NA	NA	NA	NA	NA	NA	爽やかな果実を思わせる香り。繊細で丸みのある飲み口。後味はスッキリドライテイスト。	春先～初夏向けの薫酒タイプ。30代の女性向け。岡山の郷土料理又はイタリアンの魚介のコース料理と共に。	10℃前後又は40℃前後	細長い白ワイングラス、又はラッパ型の切子のグラス	ままかりの酢漬け、焼き牡蠣、牡蠣の天ぷら、鯛の薄造り、フグの皮ちり、てっさ、鯛のカルパッチョ等	
/fbo/web/app.php/user/product/350	綺麗	NA	NA	NA	<使用米>(%)	＜麹米＞(%)	＜掛米＞(%)	NA	NA	NA	NA	NA	NA	NA	爽やかな果実を思わせる香り。シンプルで柔らかみのある飲み口。さっぱりとしたキレイな後味。	通年向けの薫酒タイプ。ビギナーから日本酒通まで。郷土料理を中心に魚介の美味しさと同調する。	15℃前後又は40℃前後	細長いシャンパングラス又は薄く中口径の立ちぐい呑み	焼き牡蠣、焼き穴子、生ガキ、牡蠣の土手鍋、石狩鍋、菜の花のお浸し、肉じゃが、穴子飯、牡蠣飯と好相性	
/fbo/web/app.php/user/product/354	花垣　純米大吟醸　七右衛門	NA	NA	NA	<使用米>(%)	＜麹米＞(%)	＜掛米＞(%)	NA	NA	NA	NA	NA	NA	NA	蜜入りのゴールデンデリシャスやメロンバナナなど甘い香りが主体で華やか。味わいはドライでしっかりとした酸によるキレを感じさせる。	華やかで味わい深いタイプ、上質な演出を加え少しフォーマルに。ターゲットはカップルや外国人のゲスト。	８～１０℃	錫の酒器、リーデルの大吟醸グラス、九谷焼など	鮎の塩焼きタデ酢、魚介類のゼリー寄せ、越前ガニなど、生ハムメロンなど。	
/fbo/web/app.php/user/product/356	英勲　純米吟醸　古都千年	NA	NA	NA	<使用米>(%)	＜麹米＞(%)	＜掛米＞(%)	NA	NA	NA	NA	NA	NA	NA	青りんごやライム、レモングラスのような爽やかな香り。酸味もしっかりしていてバランスが良い。	華やかな香りが特徴、華やかな席で乾杯に使ったり外国人向けにワイングラスで提供、商談や接待にも。	１０℃前後	白ワイン用のグラスや、らっぱ型の切子。小ぶりのシャンパングラス。	伊勢海老の造り、サーモンマリネ、マダイのポワレ、蟹とカブの冷製。	
/fbo/web/app.php/user/product/370	升田屋　大吟醸	NA	NA	NA	<使用米>(%)	＜麹米＞(%)	＜掛米＞(%)	NA	NA	NA	NA	NA	NA	精米歩合４０％　雫酒	爽やかな果実の香り、柔らかな甘味、スッキリした酸味と全体を締める苦味が特徴。やや辛口	日本酒好き向け。初夏から秋口向き、冷酒向き。	１５℃～１８℃	ワイングラス、江戸切子など	ささみのたたき、サヨリの造り、山菜のおひたし。清涼感のある料理と好相性。	
/fbo/web/app.php/user/product/371	純米大吟醸　紫紺	NA	NA	NA	<使用米>(%)	＜麹米＞(%)	＜掛米＞(%)	NA	NA	NA	NA	NA	NA	精米歩合４０％　	果実を思わせる柔らかな香りと、甘味、全体を引き締める苦味が特徴。やや辛口。	日本酒好き向け。初夏から秋口向き、冷酒向き。	１５℃～１８℃	ワイングラス、江戸切子など	白身魚の洗い、鮎の塩焼き、蒸し鶏の冷製。清涼感のある料理と好相性。	
/fbo/web/app.php/user/product/373	真澄　七號	NA	NA	NA	<使用米>(%)	＜麹米＞(%)	＜掛米＞(%)	NA	NA	NA	NA	NA	NA	美山錦１００％・7号酵母使用	華やかさと穏やかを併せ持つ香りと、シャープでキレのある味わいが特徴。やや辛口。	初心者から日本酒好き向け。初夏から秋口向き、冷酒向き。	１５℃～１８℃	ワイングラス、江戸切子など	鱸の洗い、鮎の塩焼き、蒸鶏の冷製など清涼感のある料理と好相性。	
/fbo/web/app.php/user/product/374	純米吟醸　亀齢	NA	NA	NA	<使用米>(%)	＜麹米＞(%)	＜掛米＞(%)	NA	NA	NA	NA	NA	NA	槽しぼり、瓶火入れ　む濾過	華やかな中に爽やかな香りを含み、甘味、酸味と苦味のバランスの良さが特徴。中程度。	初心者から日本酒好き向け。春から夏向き、冷酒向き。	１５℃～１８℃	ワイングラス、江戸切子など	ささみのたたき、サヨリの造り、山菜のおひたし。清涼感のある料理と好相性。	
/fbo/web/app.php/user/product/379	伯楽星　純米吟醸	NA	NA	NA	<使用米>(%)	＜麹米＞(%)	＜掛米＞(%)	NA	NA	NA	NA	NA	NA	NA	爽やかなでほのかに甘い青いバナナの香りとすっきりした酸味がのどごし良く清涼感を与えてくれる	和食に特に合う。繊細な味わいを壊さず口をリセットして食を進ませる	５～１０℃または４０℃前後	ワイングラス、小ぶりで薄手の切子など	御寿司、蒸し鶏の冷製、そば、アユの塩焼き、鯛の昆布〆、など　淡泊でさっぱりした料理に好相性	
/fbo/web/app.php/user/product/380	飛露喜	NA	NA	NA	<使用米>(%)	＜麹米＞(%)	＜掛米＞(%)	NA	NA	NA	NA	NA	NA	NA	甘味、酸味、苦味のバランスが良く呑みごたえがありながらもキレが抜群な食前食中酒	入門酒として最適、華やかなパーティーにも合う、洋風な料理店でも提供しやすい	１０～１５℃または２５～４５℃	ワイングラス、透明なラッパ型、うすはり　など	ホタテとグレープフルーツのサラダ、蒸し鶏卸しポン酢、トマトとモッツアレラチーズのサラダ、鱧の梅肉あえ	
/fbo/web/app.php/user/product/385	雨後の月　山田錦	NA	NA	NA	<使用米>(%)	＜麹米＞(%)	＜掛米＞(%)	NA	NA	NA	NA	NA	NA	NA	華やかな果実を思わせる甘い香りと、爽やかな飲み口が特徴。味わいは滑らかでバランスが取れている。	フレンチやイタリアンなども良く合うので、若い方のカジュアルなパーティーに。乾杯のお酒としても。	10℃前後または35～40℃	ワイングラス形状のグラス、　ラッパ型形状の薄手のグラス。	生かきポン酢、サーモンマリネ、蒸し鶏、フォアグラのテリーヌ、ホタテ貝とグレープフルーツのサラダなど	
/fbo/web/app.php/user/product/388	千歳鶴　純米大吟醸	NA	NA	NA	<使用米>(%)	＜麹米＞(%)	＜掛米＞(%)	NA	NA	NA	NA	NA	NA	NA	繊細かつ上品な吟醸香。シャープな酸味が引き締まった味わい。すっきりした辛口。	万人向け。特に春夏向け。さまざまなシーンに対応可。	１５℃前後	フルートグラス、白ワイン用のグラス、切子など	サーモンの刺身、ローストビーフ、ポテトサラダ、松前漬けなど旨みと塩気がたっているものと好相性。	
/fbo/web/app.php/user/product/389	大七　箕輪門	NA	NA	NA	<使用米>(%)	＜麹米＞(%)	＜掛米＞(%)	NA	NA	NA	NA	NA	NA	２０１１BY　生酛づくり	上品で優しく香る吟醸香。ふくよかで丸みのある柔らかな酸味。きめが細かくシルキータッチな飲み口。	万人向け。年間通して特別な晴れの場面で使いたい。	１５℃前後　３５～４０度前後	ボルドーグラス、大ぶりな平杯など	和牛すき焼き、寒ブリ刺身、白身魚のバター焼き、ナチュラルチーズなど脂ののった旨みのしっかりしたもの	
/fbo/web/app.php/user/product/390	会津	NA	NA	NA	<使用米>(%)	＜麹米＞(%)	＜掛米＞(%)	NA	NA	NA	NA	NA	NA	NA	淡い山吹色をした色調が印象的。華やかな吟醸香と可憐な甘みを感じるまろやかな味わい。	女性や日本酒ビキナーの多いパーティーなど四季を問わず人が集まる華やかな場面で	１５℃前後	ブルゴーニュ型グラス、大ぶりな平杯など	スモークサーモンのマリネ、いちじくの生ハム巻、ナチュラルチーズなど甘みと塩気のシンプルな味わいのもの	
/fbo/web/app.php/user/product/393	繁桝　純米大吟醸	NA	NA	NA	<使用米>(%)	＜麹米＞(%)	＜掛米＞(%)	NA	NA	NA	NA	NA	NA	NA	フレッシュな果実を思わせる繊細な吟醸香。柔らかな酸と苦みが主体。シャープですっきりした辛口。	辛口フリークがターゲット。春から夏にかけて冷酒としてがおすすめ。特別なひと時淡白な味わいの料理と共に	１５℃前後	白ワイン用のグラスやラッパ型の薄口のグラスなど	淡白な白身魚の刺身や寿司、あさりの酒蒸し、旬の青菜のお浸しなど酒の繊細な味わいを活かすものが好相性。	
/fbo/web/app.php/user/product/394	天吹　裏大吟醸　愛山	NA	NA	NA	<使用米>(%)	＜麹米＞(%)	＜掛米＞(%)	NA	NA	NA	NA	NA	NA	NA	華やかな若々しいすっきりしている吟醸香。すっきりした酸と共にふくらみのある旨みある味わい。	大切な人と特別なひと時に。特に春から夏にかけてやや冷やした酒の味わいを中心に淡白な味わいの料理と共に	１５℃前後	フルートグラス、ラッパ型の薄口のグラスなど	白身魚のカルパッチョ、浅蜊の酒蒸し、旬の青菜のお浸しなど酒の繊細な味わいを活かすもの。また桜餅など。	
/fbo/web/app.php/user/product/399	鳥海山　	NA	NA	NA	<使用米>(%)	＜麹米＞(%)	＜掛米＞(%)	NA	NA	NA	NA	NA	NA	NA	果実や花のような華やかな香りが特徴。アタックの甘味とスッキリとした酸味、繊細でドライな味わい。	春に山菜や春野菜などと合わせて。万人に相性のよい食中酒割烹や小料理店向けのお酒	15度前後	ワイングラス、ラッパ型グラス	山菜料理、白身魚の刺身や塩焼き、アユなどの川魚、菜の花のおひたし	
/fbo/web/app.php/user/product/403	御湖鶴　山田錦45％	NA	NA	NA	<使用米>(%)	＜麹米＞(%)	＜掛米＞(%)	NA	NA	NA	NA	NA	NA	NA	果実や花のような華やかな香りに軽快な原料香が加わる。爽やかな酸味と苦味が印象を残す。	春うららかな季節に常温で。お祝いの席でお寿司などと合わせるには最高。お花見などで重箱とご一緒に。	15度前後	おちょこ、切子など	お寿司、酢の物、ちらしずし、かに、フグ、白身魚の焼き物	
/fbo/web/app.php/user/product/404	賀茂鶴　大吟峰	NA	NA	NA	<使用米>(%)	＜麹米＞(%)	＜掛米＞(%)	NA	NA	NA	NA	NA	NA	NA	果実や花のような華やかな香りが特徴。上品で丸みのある口当たりに優しい甘味と酸味が心地よい。後味は苦味が主体のドライテイスト。	季節とわずおいしいお酒。上品な料理との相性がよい日本酒。山菜や川魚などと一緒に。割烹や小料理店向け	15度前後	ワイングラス、フルートグラス	白身魚の刺身や酒蒸し、山菜の天ぷら、葉物のおひたし、たけのこの土佐煮	
/fbo/web/app.php/user/product/405	銀嶺月山　月山の雪	NA	NA	NA	<使用米>(%)	＜麹米＞(%)	＜掛米＞(%)	NA	NA	NA	NA	NA	NA	NA	華やかで爽やかな甘い香り、甘味の旨さが主体。やや辛口。	特に夏向け。若者男女ビギナー向け。乾杯の日本酒。	１５℃前後	細身のタンブラー、ガラスの猪口、切り子など。	淡白な白身の刺身、甘エビ刺身、生カキ酢、カニ酢、魚介類のマリネ	
/fbo/web/app.php/user/product/409	玉川　大吟醸	NA	NA	NA	<使用米>(%)	＜麹米＞(%)	＜掛米＞(%)	NA	NA	NA	NA	NA	NA	NA	華やかで爽やかな甘い香り、明確な甘味がるが余韻はドライテイスト。旨味もほのかに感じられる。	季節を問わない。ビギナーにも向く。和、洋のシーン。大切な人のおもてなしに向く。淡麗辛口党は不向き。	１５℃前後	細身のタンブラー、ガラスの猪口、切り子など	鮪の刺身、甘エビ刺身、穴子卵巻、甘い洋食、和菓子、チョコレートにも合う	
/fbo/web/app.php/user/product/411	南部美人　大吟醸	NA	NA	NA	<使用米>(%)	＜麹米＞(%)	＜掛米＞(%)	NA	NA	NA	NA	NA	NA	NA	フルーツを思わせる華やかさやハーブを思わせる爽やかさ、原料由来の穀物などさまざまな香りを楽しめる。豊かな香りとスッキリとした飲み口が特徴。	ワインに精通した方なら、華やかな香りと温度変化による味わいの変化を、より楽しめる。	15～18℃	ワイングラスなど、香りがひきたつ形状の酒器	甘みもあるので、甘みをきかせた出し巻きたまご、卵の甘みと苦味があるゴーヤーチャンプルーなど。	
/fbo/web/app.php/user/product/416	錦帯五橋	NA	NA	NA	<使用米>(%)	＜麹米＞(%)	＜掛米＞(%)	NA	NA	NA	NA	NA	NA	NA	ユリなどを思わせる華やかな香りが特徴。味わいはサラッとした口当たりに清冽な酸味が冷涼感を与える。後味はドライ。	ショウガのきいた煮物や、白みそ風味の野菜と相性がよいので、あえて冬の料理とあわせてにのみたい辛口。	15℃前後	口当たりの薄いガラスや磁器	風呂吹き大根・白みそだれ青菜のごま和え、ショウガ焼き	
/fbo/web/app.php/user/product/423	隆　純米大吟醸　＜山吹＞	NA	NA	NA	<使用米>(%)	＜麹米＞(%)	＜掛米＞(%)	NA	NA	NA	NA	NA	NA	NA	リンゴのような華やかな香り。持続性のある甘味を清涼な苦味が味わいを引き締める	夏向け。乾杯酒など酒単体で飲むシーンにも	15℃前後	小振りのワイングラス、大振りの平杯	フルーツを使った和え物のようなフルーティな料理、苦瓜のおひたし、ワカサギの唐揚といった苦味のある料理	
/fbo/web/app.php/user/product/424	瀧澤	NA	NA	NA	<使用米>(%)	＜麹米＞(%)	＜掛米＞(%)	NA	NA	NA	NA	NA	NA	超軟水仕込み	メロンのような華やかな吟醸香が特徴。やさしい甘味と苦味がバランスをとる味わい。	夏向け。乾杯酒など酒単体で飲むシーンにも。	15℃前後	小振りのワイングラス、大振りの平杯	フルーツを使った和え物、山菜のおひたし、茹で空豆、生ハムメロンなどフルーティな料理に合う	
/fbo/web/app.php/user/product/437	六十餘洲　純米大吟醸	NA	NA	NA	<使用米>(%)	＜麹米＞(%)	＜掛米＞(%)	NA	NA	NA	NA	NA	NA	NA	フルーティーで華やかな吟醸香。爽やかな甘味とドライな後味。高級感のある味わい。	早春から初夏向け。女性向け。フォーマルなシーン向け。大切な人との食事のシーン向け。	15℃前後	ブルゴーニュ型ワイングラス、ラッパ型のグラス、大振りの平杯など	平目薄造り(ポン酢)、鮎の塩焼き(タデ酢)、タケノコの木の芽和え、帆立貝とグレープフルーツのサラダ	
/fbo/web/app.php/user/product/455	御代櫻　純米酒　生一本	NA	NA	NA	<使用米>(%)	＜麹米＞(%)	＜掛米＞(%)	NA	NA	NA	NA	NA	NA	NA	果実を思わせるようなフレッシュな香り、滑らかな飲み口、柔らかく清々しい後味が印象的。	通年向けの薫酒、女性向け、郷土の食材を使った上級クラスのレストランで楽しめる	12℃又は40℃前後	中口径で薄い立ちぐい呑み、又はふくらみがあり細長い白ワイングラス	鮎の塩焼き、ニジマスの塩焼き、焼き椎茸をおろしポン酢にて、飛騨牛のステーキを醤油ベースのソースで	
/fbo/web/app.php/user/product/472	2011独楽蔵　沁　豊熟純米大吟醸	NA	NA	NA	<使用米>(%)	＜麹米＞(%)	＜掛米＞(%)	NA	NA	NA	NA	NA	NA	沁豊熟山田錦100%精米40%アルコール分16度	軽快な原料香に白い花を思わせる香りがそっとアクセントを添える。なめらかな甘味を中心に五味が一つにまとまった上品な熟成酒	本当の価値が分かるのは上級者。何かの記念日など特別な日に	15℃前後、常温、35℃前後	小振りのワイングラス、白磁の平盃や猪口、切子のグラス	吟醸香が控え目なので料理に合わせやすい。白身魚の刺身や昆布〆、ふぐ料理、鯛のしゃぶしゃぶ	
/fbo/web/app.php/user/product/475	杜の蔵　純米大吟醸酒	NA	NA	NA	<使用米>(%)	＜麹米＞(%)	＜掛米＞(%)	NA	NA	NA	NA	NA	NA	山田錦100%精米40%アルコール分16度日本酒度+1	梨を思わせる香りは華美ではなく、柔らかな甘味を中盤から立ち上がる清涼な苦味が引き締める。味わいのある純米大吟醸	夏場にサッパリした料理と合わせて	15℃前後	小振りのワイングラス、大振りの平盃、ラッパ型のグラス	派手な吟醸香ではないので料理と合わせやすい。和物フルーツを使った和え物やサラダ、白身魚の刺身	
/fbo/web/app.php/user/product/477	車坂　純米大吟醸酒	NA	NA	NA	<使用米>(%)	＜麹米＞(%)	＜掛米＞(%)	NA	NA	NA	NA	NA	NA	アルコール分17度瓶囲い１つ火	バナナやライチを思わせる華やかな香り。飲み口はとろりとなめらかで、中盤から立ち上がる柔らかな苦味がコクを与える	気の置けない友人との会食の席で前菜と合わせて	15℃前後	小振りのワイングラス、大振りの平盃、ラッパ型のグラス	フルーティな吟醸香と同調する清涼感高い料理が合う。フルーツを使った和え物やサラダ、柚子大根	
/fbo/web/app.php/user/product/484	大吟醸　極醸　喜多屋	NA	NA	NA	<使用米>(%)	＜麹米＞(%)	＜掛米＞(%)	NA	NA	NA	NA	NA	NA	NA	フルーティーで爽やか。心地よい飲み口。みずみずしく、後味もスッキリとしている。	特に春から初夏向け。ビギナー、女性向け。カップル、友人との語らい向け。パーティー、和・洋のシーン向け	15℃前後	ワイングラス、ブルゴーニュ型ワイングラス、ラッパ型グラス、大ブルの平杯	華やかな吟醸香と同調する清涼感の高い料理を選択。平目薄造りポン酢、海老しんじょうレモン添えなど	
/fbo/web/app.php/user/product/485	碧龍泉	NA	NA	NA	<使用米>(%)	＜麹米＞(%)	＜掛米＞(%)	NA	NA	NA	NA	NA	NA	NA	サラサラとした飲み口。フルーティーな味わいで後味はスッキリとドライ。爽やかな純米大吟醸酒。	特に夏向け。ビギナー、女性向け。カップル、友人との語らい向け。和、洋のシーン向け。	10～15℃	ワイングラス、ラッパ型グラス、フルートグラス、小型タンブラー、磁器の平杯など	シンプルな味わいに同調する淡白な料理や、やや清涼感の高い料理を選択。穴子の白焼、アオリイカの刺身など	
/fbo/web/app.php/user/product/490	上喜元　限定大吟醸	NA	NA	NA	<使用米>(%)	＜麹米＞(%)	＜掛米＞(%)	NA	NA	NA	NA	NA	NA	限定品	白バラや白桃、マスクメロンを思わせる華やかで爽やかな甘い香りが主体。甘味を伴った旨さの余韻が印象的。	季節を問わない。和、洋のシーン。大切な人のおもてなしに向く。淡麗辛口党は不向き。	15℃前後	細身のタンブラー、ガラスの猪口、切り子など。	サラリとしたテクスチャーに同調する柔らかい食感の料理を選択。鮪の刺身、甘エビ刺身、穴子卵巻、甘い洋食	
/fbo/web/app.php/user/product/492	純米大吟醸　英保	NA	NA	NA	<使用米>(%)	＜麹米＞(%)	＜掛米＞(%)	NA	NA	NA	NA	NA	NA	NA	果実を思わせるような芳香が高い。奥ゆかしくも上質な旨味を伴いながら、後味がスッキリとしている。	春から初夏にかけてが最も相応しい。食前酒としても単独でも飲用できる。	10～15℃前後またはぬる燗	ワイングラス、ラッパ型グラス、うすはりグラス	華やかな香りをポイントに、同様要素を持つ料理を選択。海老しんじょう柚子あん、海鮮カルパッチョ	
/fbo/web/app.php/user/product/495	吟醸　松乃井	NA	NA	NA	<使用米>(%)	＜麹米＞(%)	＜掛米＞(%)	NA	NA	NA	NA	NA	NA	NA	淡い山吹色の色調が和のイメージをもたらし、上品で華やかな香りと柔らかな旨味が調和した吟醸酒。	春から初夏にかけてが最も相応しい。楽しく語り合うシーンで、食前酒としても単独でも飲用できる。	10～15℃前後	ワイングラス、ラッパ型グラス、切子グラス	香りを活かすことをポイントに、香りの相性で選択。鮎の塩焼きレモン添え、あさりのワイン蒸し	
/fbo/web/app.php/user/product/507	菊盛　蔵響大吟醸	NA	NA	NA	<使用米>(%)	＜麹米＞(%)	＜掛米＞(%)	NA	NA	NA	NA	NA	NA	NA	まろやかな飲み口。味わいの要素をバランスよく持った純米大吟醸。甘く華やかな香味に自然なままの色と味わいを残した滋味のある地酒。	春向けのお酒。華やかな季節感にお互いをより良くする酒質を持つ。工業的ではない自然食品といえる地酒。	10～15℃前後	ワイングラス、ラッパ型グラス、白磁の平盃、グイ呑み	生牡蠣　レモン、生ウニ、白子ポン酢、ヒラメ薄造りポン酢　自然なままの日本酒なので素材を活かす和食に。	
/fbo/web/app.php/user/product/510	富士錦　大吟醸　銀	NA	NA	NA	<使用米>(%)	＜麹米＞(%)	＜掛米＞(%)	NA	NA	NA	NA	NA	NA	大吟醸	透明感ある淡い黄金色。熟した果物や花のような華やかな香り、スッキリとしたキレの良い味わい。	女性、日本酒通。フォーマルなシーンに対応。	冷から常温。10℃前後、常温20℃前後。	ワイングラス、透明なるラッパ型グラス。白磁の大ぶり猪口。	鳥ササミのタタキ、冷奴、稚鮎の天ぷら、鮎の塩焼き、海老のマリネ、蠣フライ、魚介類などに好相性。	
/fbo/web/app.php/user/product/512	富士錦　大吟醸　あらばしり	NA	NA	NA	<使用米>(%)	＜麹米＞(%)	＜掛米＞(%)	NA	NA	NA	NA	NA	NA	吊り取り　しずく酒	輝く淡い山吹の色調。果実や花を思わせる華やかな香り。キレのある酸、優しい甘みが特徴。	特に秋から冬にかけて。日本酒通向け。フォーマルな雰囲気の和のシーン向け。	10℃～15℃前後	ブランデーグラス、有田焼、白磁の平杯	炙りマグロトロ、金目鯛の煮付け、鮎の塩焼き、鮑のバターソテー、鴨肉のロースト、濃厚な料理にも対応。	
/fbo/web/app.php/user/product/513	富士錦　愕堂	NA	NA	NA	<使用米>(%)	＜麹米＞(%)	＜掛米＞(%)	NA	NA	NA	NA	NA	NA	国産米　山旧錦40％	明るい山吹の色調、清涼感を伴った華やかな果実香。上品な味、余韻は長い。	日本酒通向け。上品な味はフォーマルシーンや和のシーン向け。	花冷え前後又は涼冷え。10℃前後、又は15℃まで。	大きめのブルゴーニュ型ワイングラス。大きく広がるラッパ形状グラス。江戸切子。	繊細な味わいの料理と。柚子大根煮、アスパラガスの天ぷら、豚しゃぶポン酢、桜エビとシラスのおろし和え	
