/fbo/web/app.php/user/product/2	吟醸　八海山	2011/12	180ml/300ml/720ml/1800ml	\476/\768/\1,642/\3,304	<使用米>(50.0%)	＜麹米＞山田錦(%)	＜掛米＞山田錦・五百万石・他(%)	協会9号	速醸	15.5	+5	1.0	0.9	NA	シンプルで爽やかな香りが主体。スムーズな飲み口にスッキリとした味わいでドライな後味が余韻に残る。	特に夏向け。日本酒ビギナー向け。女性向け。パーティツール向け	10℃前後	フルートグラス、ショットグラス、小型のワイングラス	爽やかな料理と好相性。春野菜のサラダ、山菜料理、魚介類と香草のマリネ	
/fbo/web/app.php/user/product/9	萬歳楽　爽やかに飲める生貯蔵酒	2012/03	300ml	\400	<使用米>五百万石(70.0%)	＜麹米＞(%)	＜掛米＞(%)	NA	協会1号	13	+10	1.1	0.9	生貯蔵酒	非常に軽快な味わい。サラリとした飲み口とスッキリした後味。中辛口	特に夏向け。食中酒としては年中楽しめる。パーティツール向き	5-10℃	ショットグラス。見た目の涼しげな装飾グラス	淡白な料理全般と好相性。特に新鮮魚介類との組合せがおススメ	
/fbo/web/app.php/user/product/15	吟麗　立山	NA	1800ml	NA	<使用米>(%)	＜麹米＞(%)	＜掛米＞(%)	NA	NA	15～16	NA	NA	NA	NA		季節は選ばない。男性向け。晩酌向け。冷酒、熱燗どちらも可	10℃前後又は45-50℃前後	小型のタンブラー、薄手の猪口、竹の器	合わせる料理を問わないマルチタイプ。刺身類全般、焼鳥、ソバ	
/fbo/web/app.php/user/product/16	榮川　純米にごり	NA	180ml	\322	<使用米>山田錦・雪化粧(%)	＜麹米＞(70%)	＜掛米＞(70%)	NA	速醸	15～16	±0～+1	1.1～1.2	1.2～1.3	NA		特に冬。雪見酒。正月。気軽に楽しめるテイスト	5-10℃	白磁のグイ呑み、小型の焼き物	米を使った料理と好相性。おこげの海鮮あんかけ、焼き餅、塩麹料理	
/fbo/web/app.php/user/product/19	超特撰白雪原酒ANNAROCK	NA	720ml	\1,238	<使用米>山田錦(%)	＜麹米＞(%)	＜掛米＞(%)	NA	速醸	19	+3	1.6	1.4	原酒		特に夏向け。男性向け。ヘビーユーザー向け。	10℃前後。オンザロック	ロックグラス、ガラスの猪口、小型のタンブラー	香辛料を効かせたスパイシーな料理と好相性。鶏肉のカレー炒め、シシケバブ、プルコギ	
/fbo/web/app.php/user/product/24	白鶴まる	NA	180ml/640ml/900ml/1200ml/1800ml	\155/\499/\716/\948/\1,377	<使用米>(%)	＜麹米＞(%)	＜掛米＞(%)	NA	速醸	13～14	+1	1.2	1.1	NA		季節問わない。日々の晩酌向け。大衆居酒屋向け。男性向け。熱	15℃前後又は45-50℃前後	酒器を選ばない。気軽に扱える物を。	家庭料理と気取らず合わせたい。焼き魚、煮物、鍋、揚げ物各種	
/fbo/web/app.php/user/product/25	一ノ蔵　無鑑査超辛口	NA	720ml/1800ml	\870/\1,980	<使用米>(65%)	＜麹米＞(%)	＜掛米＞(%)	NA	速醸	15～16	+9～+10	NA	NA	NA		季節問わない。日々の晩酌向け。大衆居酒屋向け。男性向け。熱	10℃前後又は45-50℃	ガラスの猪口、薄手のグイ呑み	料理との相性の幅が広いタイプ。刺身類、焼き物類、揚げ物類、鍋料理など	
/fbo/web/app.php/user/product/26	阿櫻	NA	NA	NA	<使用米>秋田酒こまち(60%)	＜麹米＞(%)	＜掛米＞(%)	協会901号	速醸	16	+10	1.7	1.0	無濾過生原酒		季節問わない。食中酒。居酒屋向け。鮮魚料理店向け。	10-15℃	フルートグラス、薄手のグラス	揚げ物、焼き物と好相性。脂をサッと流す効果が高い	
/fbo/web/app.php/user/product/27	黒龍　いっちょらい	NA	720ml/1800ml	\1,223/\2,446	<使用米>五百万石(55%)	＜麹米＞(%)	＜掛米＞(%)	蔵内酵母	速醸	15～16	+5	1.3	NA	NA		特に春から夏向け。ビギナー向け。女性向け。パーティーツール向	10℃前後	フルートグラス、小型のラッパ型グラス、小型の白ワイングラス	爽やかな香りを持つ料理と好相性。越前ガニ、越前おろしソバ、ヒラメのカルパッチョ	
/fbo/web/app.php/user/product/31	菊正宗　男の辛口	NA	2000ml	\1,863	<使用米>(%)	＜麹米＞(%)	＜掛米＞(%)	NA	生酛	15	+5	NA	NA	生酛		季節問わない。一般家庭の食中酒向け。大衆居酒屋向け。男性向け	10-15℃又は45-50℃	器はあまり選ばない。やや硬い材質	コクのある料理のパートナーとして最適。秋刀魚の塩焼き、寄せ鍋、穴子の天ぷら	
/fbo/web/app.php/user/product/33	雪の松島	NA	720ml/1800ml	\966/\2,340	<使用米>トヨニシキ他(65%)	＜麹米＞(%)	＜掛米＞(%)	NA	速醸	15.5	+20	NA	NA	とびっきりの辛い酒		季節問わない。居酒屋向け。男性向け。辛党向け	10℃前後又は50℃前後	薄手のガラス製猪口、小型のタンブラー	料理の脂っこさを流す効果が高い。鶏の唐揚げ、サンマの塩焼き、すき焼きなど	
/fbo/web/app.php/user/product/34	越の初梅　辛口　本醸造	NA	300ml/720ml/1800ml	\550/\1,200/\2,400	<使用米>越淡麗(60%)	＜麹米＞(%)	＜掛米＞(%)	NA	速醸	15～16	+5	1.2	1.0	越淡麗100％		季節問わない。居酒屋向け。女性向け。	10℃前後又は45℃前後	柔らかい触感の陶器、ガラスの猪口	淡白な料理全般と好相性。白身魚の刺身、豆腐料理、海草料理	
/fbo/web/app.php/user/product/35	越後純米　吉乃川	NA	720ml/1800ml	\839/\1,761	<使用米>(65%)	＜麹米＞(%)	＜掛米＞(%)	NA	速醸	13	+2	1.1	NA	NA		季節問わない。居酒屋向け。晩酌向け。ビギナー向け	10-15℃又は40-45℃	柔らかい触感の陶器、白磁の平杯、ショットグラス	柔らかな食感の料理と好相性。生ウニ、生湯葉、豆腐料理	
/fbo/web/app.php/user/product/41	萬歳楽　石川門	NA	720ml	\1,155	<使用米>石川門(%)	＜麹米＞(70%)	＜掛米＞(70%)	NA	速醸	16.0～16.9	+6	1.3	1.7	初しぼり　生酒		出荷された時期に楽しみたい。気軽に飲用できる。	10-15℃	薄手の陶器。小振りのワイングラス	初しぼりに合わせて採れたての素材を。白身魚の刺身、春野菜のサラダ、初カツオなど	
/fbo/web/app.php/user/product/44	丸眞正宗	NA	720ml/1800ml	\1,370/\2,730	<使用米>(60%)	＜麹米＞(%)	＜掛米＞(%)	NA	速醸	15	+5	1.5	NA	NA		特に春から夏。パーティー時。アウトドア	10℃前後	青色の江戸切子。透明なショットグラス	淡白で爽やかな料理と好相性。サラダ類、酢の物、白身魚の薄造り	
/fbo/web/app.php/user/product/45	鳳凰源平	NA	300ml/720ml/1800ml	\577/\1,575/\3,465	<使用米>山田錦・五百万石(50%)	＜麹米＞(%)	＜掛米＞(%)	NA	速醸	15～16	+4	1.5	NA	NA		季節問わない。食中酒。気心知れた仲間との語らい時	10℃前後	小型のグラス。フルートグラス	柔らかなコクを持つ料理と好相性。蟹、甘海老、里芋の煮付け	
/fbo/web/app.php/user/product/49	千の福　味わいの純米吟醸	NA	720ml	\1,260	<使用米>(%)	＜麹米＞(%)	＜掛米＞(%)	NA	速醸	15.5	NA	NA	NA	NA		季節問わない。食中酒向け。和食以外の業態向け。	10-20℃	小型のワイングラス、平杯、中型のグイ呑み	柔らかな甘味を持つ料理と好相性。煮穴子、ナチュラルチーズ各種、帆立貝のマリネなど	
/fbo/web/app.php/user/product/54	水尾　特別純米酒	NA	720ml/1800ml	\1,414/\2,783	<使用米>金紋錦(59%)	＜麹米＞(%)	＜掛米＞(%)	7号酵母	速醸	15.5	±0	NA	NA	金紋錦100％		季節を問わない。万人好み。飲食店向け。食中酒向け。ぬる燗向け	10-15℃又は40-45℃	薄手の陶器、小型のロックグラス	料理との相性の幅の広い食中酒。山の幸、海の幸問わず料理を引き立てる効果が高い	
/fbo/web/app.php/user/product/55	太冠	NA	NA	\1,838/\3,675	<使用米>雄町(50%)	＜麹米＞(%)	＜掛米＞(%)	NA	速醸	15～16	+5	1.6	1.5	NA		特に夏向け。アウトドア向け。ビギナー向け。和以外の業態向け	10-15℃	フルートグラス、小型のコリンズグラス	料理に爽やかさを与える役目の食中酒。シーフドマリネ、サーモンのタルタル、鮎の塩焼きタデ酢	
/fbo/web/app.php/user/product/56	上喜元　出羽の里	NA	1800ml	\2,089	<使用米>出羽の里(%)	＜麹米＞(%)	＜掛米＞(%)	NA	速醸	16～17	NA	NA	NA	出羽の里		季節問わない。食中酒向け。日本酒通向け	15℃前後	薄手の平杯、触感の柔らかい陶器、小型のワイングラス	乳製品と好相性。モッツアレラチーズのサラダ、フレッシュチーズとフルーツのサラダ、帆立貝のチーズ焼き	
/fbo/web/app.php/user/product/58	十水	NA	720ml/1800ml	\1,103/\2,436	<使用米>山形県産はえぬき(%)	＜麹米＞(60%)	＜掛米＞(60%)	山形KA	速醸	15.0～15.9	-6～-7	1.6～1.7	1.0～1.1	NA		季節問わない。万人好み。居酒屋向け。食中酒向け。ぬる燗向け	10-15℃又は40-45℃	中型のグイ呑み、触感の柔らかな陶器類	料理との相性の幅の広い食中酒。和洋中問わず様々なマッチングが楽しめる	
/fbo/web/app.php/user/product/60	KONISHI吟醸ひやしぼり	NA	NA	NA	<使用米>(%)	＜麹米＞(%)	＜掛米＞(%)	NA	速醸	NA	NA	NA	NA	NA		特に夏向け。アウトドア向け。ビギナー向け。万人向け	10℃前後	ショットグラス、シェリーグラス、小型のワイングラス	新鮮野菜を使用した料理とピッタリの爽やかさ。ベトナム風生春巻き、ハーブサラダ、トマトのサラダなど	
/fbo/web/app.php/user/product/62	富士錦　純米酒	NA	720ml	\1,123	<使用米>(65%)	＜麹米＞(%)	＜掛米＞(%)	NA	速醸	15～16	NA	NA	NA	純米酒		季節を問わない。万人好み。食中酒向け。ぬる燗向け	15℃前後又は40℃前後	中型のグイ呑み、触感の柔らかな陶器類	爽やかな旨味を持つ料理と好相性。生しらす、桜エビ、白魚と三つ葉のかき揚げ	
/fbo/web/app.php/user/product/64	冽	NA	720ml/1800ml	\1,050/\2,100	<使用米>はえぬき(50%)	＜麹米＞(%)	＜掛米＞(%)	山形酵母	速醸	16～17	+9	1.1	0.9	NA		特に春から夏。ビギナー向け。食中酒向け	10-15℃又は45℃前後	小型のワイングラス、フルートグラス、シェリーグラス	清涼な香気を持つ料理と好相性。山菜料理、バジル風味のパスタ、アスパラガスのサラダなど	
/fbo/web/app.php/user/product/65	神杉　特別純米しぼりたて　	NA	720ml	\1,575	<使用米>若水(60%)	＜麹米＞(%)	＜掛米＞(%)	NA	速醸	17～18	NA	NA	NA	無濾過生原酒		特に春から夏。ビギナー向け。単独飲用にも適する	5-10℃	フルートグラス、シェリーグラス、ショットグラス	食前酒にも向く。甘味のある淡白な料理と好相性。ウニのムース、帆立貝の刺身、フルーツトマトなど	
/fbo/web/app.php/user/product/70	萬歳楽　白山	NA	300ml/720ml/1800ml	\840/\2,100/\3,999	<使用米>兵庫県口吉川特別A地区産山田錦(60%)	＜麹米＞(%)	＜掛米＞(%)	NA	速醸	16	+2	1.7	1.8	NA		季節問わない。ビギナー向け。和食店向け。ぬる燗向け	15℃前後又は40℃前後	薄手の平杯、小型のグイ呑み	淡い出汁の効いた日本料理と好相性。会席料理、椀物、関西風おでんなど	
/fbo/web/app.php/user/product/79	玉乃光　純米吟醸　酒楽	NA	NA	NA	<使用米>(%)	＜麹米＞(%)	＜掛米＞(%)	NA	NA	NA	NA	NA	NA	NA	ソフトな飲み口と軽快な味わいが特徴。キレのよい苦味がアクセントとなりドライテイストをつくりだす	食中酒として汎用性の高いアイテム。四季の食材を引き立てるパートーナーとして重宝する。	10℃前後又は40-45℃	中型ワイングラス、薄手の磁器など	味わいの濃い料理の後味を切る役割をする食中酒。すき焼き、フカヒレの姿煮、ブイヤベースなど	
/fbo/web/app.php/user/product/81	特別純米酒　豊の秋　しぼりたて　生原酒	NA	NA	NA	<使用米>(%)	＜麹米＞(%)	＜掛米＞(%)	NA	NA	NA	NA	NA	NA	NA	生酒特有の新鮮な香りと、米麹のような原料香が主体。軽快で柔らかな味わい。やや辛口。	新鮮な魚介類と好相性を示す特別純米酒。	10℃前後	中型のワイングラス、フルートグラスなど	淡い旨味を持つ魚介類と好相性。刺身全般、イカの塩焼き、甘鯛の酒蒸しなど	
/fbo/web/app.php/user/product/82	純米吟醸　木ふね搾り　豊の秋　しぼりたて　生原酒	NA	NA	NA	<使用米>(%)	＜麹米＞(%)	＜掛米＞(%)	NA	NA	NA	NA	NA	NA	NA	しぼりたて生原酒ならではの多様な味わいながら、軽快で引き締まった後味が特徴。含み香の華やかさも持ち味	パンチの効いた吟醸酒好きにおススメ。野菜や香草をふんだんに使用したイタリアンなどと好相性	8～12℃	中型のワイングラス、薄手のタンブラーなど	ミネラル感の高い野菜料理と同調。バ－ニャカウダ、ラタトゥイユ、ハーブサラダなど	
/fbo/web/app.php/user/product/120	黒松翁　玄米酒　シャトー玄２００５	NA	NA	NA	<使用米>(%)	＜麹米＞(%)	＜掛米＞(%)	NA	NA	NA	NA	NA	NA	リンゴ酸ワイン酵母	リンゴ酸がもたらす甘酸っぱい香りと味わいの中に、日本酒らしい米麹由来のふくよかさが加わる	和洋中問わない食中酒。季節問わないアイテム。ワイン好き向け。個性的な日本酒としての位置付け	5℃～10℃	小振りのフルートグラス、シェリーグラス、リキュールグラスなど	すき焼き、豚の角煮、フォアグラのソテー、牛肉のグリル、油淋鶏、酢豚など	
/fbo/web/app.php/user/product/123	鳳凰源平　純米吟醸	NA	NA	NA	<使用米>(%)	＜麹米＞(%)	＜掛米＞(%)	NA	NA	NA	NA	NA	NA	NA	ミネラル感のある香り、控えめな甘みと酸味、軽快でスムースな味わい、余韻は短い	前菜などうす味の料理と合わせる、魚介類の料理と好相性	5℃から15℃	江戸切子の透明で爽やかな清涼感を感じるグラス	牡蠣料理、アサリの酒蒸し	
/fbo/web/app.php/user/product/124	純米酒　源平	NA	NA	NA	<使用米>(%)	＜麹米＞(%)	＜掛米＞(%)	NA	NA	NA	NA	NA	NA	NA	軽快な旨味を持つ純米酒。突出した要素のない優しい飲み口	飲用シーンを選ばないマルチタイプ。ビギナーから日本酒まで対応できる酒質。海鮮料理と好相性。	12～18℃又は40℃前後	中型のグイ呑み、越前焼の平杯、薄いガラス製の猪口など	刺身全般、若狭カレイの一夜干し、甘鯛の塩焼き、フグ鍋、生牡蠣、越前ガニ	
/fbo/web/app.php/user/product/125	水尾　特別純米酒　金紋錦仕込	NA	NA	NA	<使用米>(%)	＜麹米＞(%)	＜掛米＞(%)	NA	NA	NA	NA	NA	NA	金紋錦100%	原料米の軽快な香りに、清涼なスダチ様の香りが加わり、綺麗で繊細な旨味が特徴	どの料理にも合う万能タイプ。冷やでも、お燗でも合わせやすい。	5℃から20℃、40℃から45℃	陶器のお猪口	山菜料理、カキ鍋、お寿司など	
/fbo/web/app.php/user/product/131	ChateauGACKTLEI-CRESCENT	NA	NA	NA	<使用米>(%)	＜麹米＞(%)	＜掛米＞(%)	NA	NA	NA	NA	NA	NA	NA	瑞々しく、瓜などの甘い水菓子の様な味と香り、石清水の様なミネラル感	低アルコール12度による塩と油のなじみの良さからフレンチ全般と好相性。	10℃から15℃前後	少し大振りなワイングラス	生ハムの前菜、コンテなどナチュラルチーズ、カモ肉のソテーなど	
/fbo/web/app.php/user/product/143	七賢　純米吟醸　富士桜	NA	NA	NA	<使用米>(%)	＜麹米＞(%)	＜掛米＞(%)	NA	NA	NA	NA	NA	NA	吟醸	清涼な吟醸香、なめらかな甘味、含みでわずかな酸味と旨み、軽快でキレのよい余韻。	夏を中心に冷やして飲用すると華やかで爽やかさがあり、家庭で、友人と気軽に楽しめる。	15℃前後	小ぶりのグラス、ワイングラス、陶器のぐい呑み。	虹鱒の塩焼き、生牡蠣、シーフードサラダ、エビ・カニ焼売、烏賊の炒めもの、カニ玉など	
/fbo/web/app.php/user/product/144	KONISHI　吟醸ひやしぼり	NA	NA	NA	<使用米>(%)	＜麹米＞(%)	＜掛米＞(%)	NA	NA	NA	NA	NA	NA	NA	非常に軽快で淡麗。透明感のある味わい。アルコール分が低めで、飲みやすい。香りはフレッシュで華やか	ビギナー向け。暑い時でも冷やしてさっぱりと飲める	5～12℃	小ぶりなワイングラス。透明な切子など	さっぱりした料理と好相性。冷奴、カルパッチョ、蒸し鶏の冷製など	
/fbo/web/app.php/user/product/148	久美の浦　純米大吟醸	NA	NA	NA	<使用米>(%)	＜麹米＞(%)	＜掛米＞(%)	NA	NA	NA	NA	NA	NA	NA	ミルキーな酸を思わせる香りと白玉団子のような原料由来の甘味が主体。余韻はやや短く、味わいは淡麗	上品な味わいはビギナーから中級者向け。季節や食事はあまり選ばないが、格があるためカジュアルは不向き	8～18℃又は40℃前後	切子、ワイングラス	野菜やハーブをメインにしたものと好相性。若竹煮、バジリコスパゲティー、八宝菜など	
/fbo/web/app.php/user/product/149	あさ開　純米　桐ラベル	NA	NA	NA	<使用米>(%)	＜麹米＞(%)	＜掛米＞(%)	NA	NA	NA	NA	NA	NA	NA	爽やかで上品な香りと味わい。派手さはないが、バランスの取れた商品。ほのかなだが確かな余韻がある中辛口	万人受けし、オールマイティなシーンに合わせることが可能。	8～18℃又は40℃前後	小ぶりな切子、薄手の白磁など	料理の受けの幅は広いが、淡い味付けの料理がよりベター。出し巻き卵、白身魚のワイン蒸し、バンバンジー	
/fbo/web/app.php/user/product/150	千歳鶴　純米吟醸　ハマナスラベル	NA	NA	NA	<使用米>(%)	＜麹米＞(%)	＜掛米＞(%)	NA	NA	NA	NA	NA	NA	NA	香りのトーンは低めでほのかな甘みを思わせる。味わいはフラットでドライ。余韻は短く淡麗。	軽快な酒質が好きな層がターゲット。気軽に楽しむタイプなので、改まった場やじっくり飲む場は避ける。	5～12℃	小ぶりで透明なもの。切子など	淡白な素材をシンプルに調理したものと好相性。ざるそば、野菜のテリーヌ、蒸し鶏の冷製	
/fbo/web/app.php/user/product/151	越後鶴亀　山廃純米	NA	NA	NA	<使用米>(%)	＜麹米＞(%)	＜掛米＞(%)	NA	NA	NA	NA	NA	NA	山廃仕込み	ふくよかさのあるが、苦みと酸味がしっかりとしているドライな味わい	汎用性が高く、料理や場所を選ばない。ぬる燗位でこのお酒の本来の良さが出てくる。	15℃位の常温か45℃前後	小ぶりの立ちぐい呑み。うりざね型のグラス	魚の焼いた料理と高相性。穴子の白焼き、イカの塩焼き、真鯛のグリル等	
/fbo/web/app.php/user/product/153	越後鶴亀　大吟醸斗瓶囲い	NA	NA	NA	<使用米>(%)	＜麹米＞(%)	＜掛米＞(%)	NA	NA	NA	NA	NA	NA	速醸もと仕込	まろやかで柔らかい味わいだが、苦みがしっかりしていて後口がキレイ	春の味覚の桜鯛や竹の子、ワラビ等を使ったフォーマルな会席とともに	10℃～15℃位に冷やしすぎない程度に冷やして	小ぶりでうすめの立ちぐい呑み。うりざね型のグラス	少し旨味のある白身魚と好相性。鯛や平目の薄造り、鯛しゃぶ等	
/fbo/web/app.php/user/product/156	京姫　大吟醸　匠　山田錦100％	NA	NA	NA	<使用米>(%)	＜麹米＞(%)	＜掛米＞(%)	NA	NA	NA	NA	NA	NA	速醸もと仕込	柔らかく膨らみのある味わいだが、スッキリとしたキレがある	柔らかくスッキリとしているので、仕事が終わってからの晩酌にちょうど良い感じ	10℃前後であまり冷やしすぎない程度に冷やす	口元が厚めの平杯。口径が小ぶりなラッパ型のグラス	お酒のスッキリとした清楚な味を生かし春野菜の菜の花のお浸しや竹の子の煮つけと合わせたい	
/fbo/web/app.php/user/product/157	浜福鶴　純米吟醸	NA	NA	NA	<使用米>(%)	＜麹米＞(%)	＜掛米＞(%)	NA	NA	NA	NA	NA	NA	速醸もと仕込	ふわりとした米の旨味が出ていて、サラリと清々しい苦味とスッキリとした酸を出すことで、キレイなお酒に仕上がっている	汎用性が高く、冷やしてスッキリした味でも、ぬる燗にてふくよかな味わいを楽しむのも良いって感じです。	10℃前後で冷やしすぎない程度、又は40℃前後のぬる燗でも楽しめます	口径が小ぶりな円筒形のグラス。口元のうすめの筒ぐい呑み	しっかりと味のある食材との相性が良いと感じます。焼き牡蠣や若狭カレイの干物、若鶏のローストや	
/fbo/web/app.php/user/product/158	越後鶴亀　純米酒	NA	1800ml	¥2,400	<使用米>(%)	＜麹米＞五百万石(60%)	＜掛米＞こしいぶき(60%)	きょうかい901号	速醸	15.5	+3	1.6	1.4	速醸もと仕込	米本来の丸みのある柔らかさと切れ味の良い酸によりバランスの取れた味になっている	旨味をしっかりと含んだ汎用性の高さがあり、味のしっかりとした料理から比較的軽めの料理まで幅広い料理に	10℃前後に冷やすか、40℃前後のぬる燗にて楽しむか	口径が小ぶりな円筒形のグラス。口元が厚めの筒ぐい呑み	カツオのタタキやしっかりと味の乗った塩鮭、牛フィレ肉のステーキや白身魚のムースまで幅広い	
/fbo/web/app.php/user/product/159	越乃雪椿　純米吟醸	NA	NA	NA	<使用米>(%)	＜麹米＞(%)	＜掛米＞(%)	NA	NA	NA	NA	NA	NA	速醸もと仕立	柔らかくまろやかだが、清々しくキレイな味わい	典型的な爽酒タイプのお酒ですが柔らかく丸みがあるので、あっさりした白身の魚や鶏肉との相性が非常に良い	10℃前後に冷やして爽やかな味わいを楽しむのも良いし、40℃位のぬる燗でお酒の旨味も楽しめる	口径が小ぶりで円筒形のグラス。口元のうすめの筒ぐい呑み	あっさりした川魚のニジマスや鮎の塩焼き、アジがすっきりとしているので山菜の天ぷらやワラビのお浸し	
/fbo/web/app.php/user/product/161	純米大吟醸　花洛	NA	NA	NA	<使用米>(%)	＜麹米＞(%)	＜掛米＞(%)	NA	NA	NA	NA	NA	NA	NA	上品な原料香と果物香。和のテイストを備えた落ち着いた印象が特徴	ビギナーから中級者向け。春から初夏にかけて。素材の味を生かした料理と合わせて。	12℃前後	フルートグラス、小ぶりのワイングラス	白身魚の昆布〆、豚しゃぶしゃぶポン酢、山菜の天ぷら、たけのこ木の芽和えなど	
/fbo/web/app.php/user/product/162	純米吟醸　花洛	NA	NA	NA	<使用米>(%)	＜麹米＞(%)	＜掛米＞(%)	NA	NA	NA	NA	NA	NA	NA	ふくよかな香りが感じられる純米吟醸酒。米由来の旨味と軽快な酸味が特徴	季節を問わず楽しめるアイテム。料理との相性の幅の広いマルチタイプ	18℃前後又は42℃前後	小型のグラス、白磁の盃など	地鶏の蒸し物、牛肉の塩焼き、キノコのバター焼き、グラタン、エビ餃子など	
/fbo/web/app.php/user/product/164	純米酒　嵯峨紅梅	NA	NA	NA	<使用米>(%)	＜麹米＞(%)	＜掛米＞(%)	NA	NA	NA	NA	NA	NA	NA	ほんのりとした甘味。柔らかな旨味。スッキリとした後味が特徴のソフトテイストな純米酒	女性やビギナー、軽快な純米酒好みの人向け。冷やだけでなく、ぬる燗にも。上品な甘味を持つ料理と好相性	15℃前後又は40℃前後	薄手の小型グラス、白磁の盃など	キビナゴの酢味噌あえ、鶏ササミのたたき、おぼろ豆腐、トマトとモッツァレラチーズのサラダなど	
/fbo/web/app.php/user/product/166	上善水如　純米白こうじ	NA	NA	NA	<使用米>(%)	＜麹米＞(%)	＜掛米＞(%)	NA	NA	NA	NA	NA	NA	NA	白麹がもたらすクエン酸の甘酸っぱさは、まるで果実酒のような爽やかさ。今までにない個性的な1本	春から夏に向く。炭酸で割って食前酒として楽しめる。特に女性向き。サッパリとした前菜類とも好相性	10℃前後	フルートグラス、錫製の酒器、小型タンブラーなど	魚介類のハーブサラダ、白身魚の香草焼き、柿の白和え、白身魚の梅肉和えなど	
/fbo/web/app.php/user/product/95	丸眞正宗　吟醸辛口	NA	NA	NA	<使用米>国産米(60%)	＜麹米＞(%)	＜掛米＞(%)	NA	NA	NA	15	NA	NA	NA	清涼な吟醸香。スムーズな飲み口。心地よい甘味とキレのよい苦味。軽快な辛口	あらゆるシーンに適合するマルチプレーヤー。特に夏場に向く。冷やしてスッキリと。カジュアルに楽しめる	10～15℃	白磁の深型の盃、白ワイン用グラス、江戸切子	ヒラメ薄造り柚子ポン酢、鶏皮の冷製カボス酢、魚介類の香草サラダ、野菜のテリーヌなど	
/fbo/web/app.php/user/product/168	人気一　黒人気　純米吟醸	NA	NA	NA	<使用米>(%)	＜麹米＞(%)	＜掛米＞(%)	NA	NA	NA	NA	NA	NA	NA	甘やかな香りとほのかなコク。さらりとした飲み口。苦味のドライ感。余韻は短い。	季節は特に問わないが、夏に冷酒向き。さらりとした淡麗な酒質で汎用性高い。	10-15℃前後	青系の色の飲みきりサイズのガラス製のグラス	さらりとした淡麗な酒質に軽めの料理を合わせる。青菜の煮びたし、野菜のおひたし、青菜炒め	
/fbo/web/app.php/user/product/173	純米吟醸　喜多屋　吟のさと　ひやおろし	NA	NA	NA	<使用米>(%)	＜麹米＞(%)	＜掛米＞(%)	NA	NA	NA	NA	NA	NA	NA	一夏超えで、味が乗った純米吟醸酒　やや強めの酸味が特徴　やや辛口	日本酒好き向け　料理を選ばない万能型　秋から春の食中酒として	１０℃～２０℃	陶器の猪口、切子、クリスタルグラス	和食の煮魚、焼き魚、煮物、揚げ物など	
/fbo/web/app.php/user/product/177	人気一スパークリング　純米吟醸	NA	NA	NA	<使用米>(%)	＜麹米＞(%)	＜掛米＞(%)	NA	NA	NA	NA	NA	NA	発砲性日本酒	清涼感あふれるスパークリング。甘みを感じる香りとドライな後味。柔らかな酸味が全体を包む。	ビキナーから日本酒通まで飲み手を選ばない。ハレの日の最初の乾杯にオールシーズン使いたい。	５〜１０℃	透明な薄手のガラス製の朝顔形状の小型のグラス。スパークリングワインようフルートグラスなど	スモークサーモンマリネ　オリーブの塩漬け　グレープフルーツとロメインレタスのシーザーサラダなど	
/fbo/web/app.php/user/product/179	豊明　純米原酒　ひやおろし	NA	NA	NA	<使用米>(%)	＜麹米＞(%)	＜掛米＞(%)	NA	NA	NA	NA	NA	NA	原酒	優しい甘味と丸みのある飲み心地。ほのかな米麹の甘味を感じる香り。厚みのある旨みが口中に広がり、豊かな酸が後味をスッキリしてくれる。	ビキナーや女性におすすめ。ひやおろしならではの程よく熟成された味わいが楽しめ、全体に優しい味わい。	１０〜２０℃又は３５〜４０℃	白磁の朝顔形状の猪口　細身で小ぶりなグラスなど	出汁巻き卵　豆乳鍋　白身魚のチーズ焼き　パスタカルボナーラなど	
/fbo/web/app.php/user/product/189	北吹雪	NA	NA	NA	<使用米>(%)	＜麹米＞(%)	＜掛米＞(%)	NA	NA	NA	NA	NA	NA	NA	スッキリシンプルな味わいの典型的な辛口爽酒	ビギナーから日本酒通まで典型的な爽酒のお酒って意味で非常に薦めやすい。特に春先が良い	10℃前後	水色の釉薬が掛かった口造りの薄い陶器、又は江戸切子等のガラスの小ぶりの杯(色は青又は水色が望ましい)	若竹煮、筍の天ぷら、たらの芽の天ぷら、イカの薄造り、鮭のルイベ、じゃがバターなど	
/fbo/web/app.php/user/product/190	森乃菊川fromホタルの里	NA	NA	NA	<使用米>(%)	＜麹米＞(%)	＜掛米＞(%)	NA	NA	NA	NA	NA	NA	NA	スッキリとした香りとほのかな吟醸香が特徴。爽酒タイプ	ビギナーでもよいが少しお酒を知っている方におススメ。新鮮な魚介を使ったイタリアンと合わせるのも面白い	10℃前後又は40℃前後	白磁の口作りの薄い円筒形の酒器、又はフルートグラスなど	サンマの塩焼き、鮭の塩焼き、シラスおろし、白身の薄造り、スモークサーモン、大根の煮つけ、里芋の煮物等	
/fbo/web/app.php/user/product/191	森乃菊川　山田錦純米大吟醸	NA	NA	NA	<使用米>(%)	＜麹米＞(%)	＜掛米＞(%)	NA	NA	NA	NA	NA	NA	NA	スッキリした爽快感とほのかな吟醸香が楽しめる辛口の爽薫酒	ビギナーから日本酒通まで幅広い方々に楽しんでいただける味に仕上がっています。	10℃又は35℃前後の燗	背の高い白ワイングラス又は、江戸切子の小ぶりの杯(色は群青か、水色が望ましい)	てっさ、鯛や平目の薄づくり、鱸の塩焼き、アユの塩焼き、糸寄りのポワレ、生ガキ、焼き牡蠣	
/fbo/web/app.php/user/product/192	小粋なすずめ	NA	NA	NA	<使用米>(%)	＜麹米＞(%)	＜掛米＞(%)	NA	NA	NA	NA	NA	NA	NA	スッキリとした味わいかつ、しっとりとした米の旨味を感じる爽醇酒タイプ	ある程度お酒や料理の味を知っている層がターゲット。飲み飽きがこないので家庭での晩酌用に向く	10℃前後又は45℃戦後	白ワイングラス、又は中口径で口造りの薄い白磁のぐい呑み	スモークサーモン、スモークした鱈、ホタテのグリル、若狭カレイの干物、サバのきずし、白身魚のフライなど	
/fbo/web/app.php/user/product/193	森乃菊川　本醸造辛口原酒	NA	NA	NA	<使用米>(%)	＜麹米＞(%)	＜掛米＞(%)	NA	NA	NA	NA	NA	NA	NA	スッキリとした味わい。原酒である分アルコールが高くドライな味わいになっている	ある程度お酒の味を知っているユーザー。ビギナーよりも日本酒に限らずお酒そのものを知っている方にお勧め	20℃前後又は40℃前後	口造りが薄く中口径の立ち食いのみ(白磁)又は、江戸切子等で群青色をした中口径の杯など	ブイヤベース、真鯛の香草焼き、車エビの塩焼き、舌平目のクリーム煮、舌平目のムニエル、糸よりのポワレ	
/fbo/web/app.php/user/product/195	白瀧　純米	NA	NA	NA	<使用米>新潟県産米100%(70%)	＜麹米＞(%)	＜掛米＞(%)	NA	NA	15-16	+2	1.6	1.6	NA	上新粉などの軽やかな原料香に、軽快でスッキリとした味わい。後味は酸味と苦味のドライテイスト。	カジュアルに和食を楽しみながら、家族・友人などと	15℃前後でキリット、40℃前後のぬる燗でしっとりと	小振りのグラス、磁器の酒器など	和食全般など	
/fbo/web/app.php/user/product/199	萬歳楽　森の吟醸蔵　純米吟醸	NA	NA	NA	<使用米>(%)	＜麹米＞(%)	＜掛米＞(%)	NA	NA	NA	NA	NA	NA	NA	警戒ですっきりとした飲み口	カジュアルに、パーティーでも友達同士でも	5℃～10℃又は15℃～20℃	小振りのグラス、切子、薄手の陶磁器の盃など	グラタン、キノコのバターソテー、白身魚の天ぷら、アン肝など	
/fbo/web/app.php/user/product/207	KONISHI　ニジイロららら吟醸	NA	NA	NA	<使用米>(%)	＜麹米＞(%)	＜掛米＞(%)	NA	NA	NA	NA	NA	NA	NA	白玉粉のような上品な原料香の中にメロン、バナナなどの熟した果物の華やかな香りがほのかに香る	家庭や若者向けのカジュアルなシーンで	10℃前後	小さなワイングラス、小さなガラスの酒器など	鶏ささみの刺身、魚介のマリネ、生ガキ、カプレーゼ、温野菜のサラダなど	
/fbo/web/app.php/user/product/117	太冠　特別純米酒	NA	NA	NA	<使用米>(%)	＜麹米＞(%)	＜掛米＞(%)	NA	NA	NA	NA	NA	NA	NA	軽めのふくよかな香り、軽いアタック、後味の苦味のドライテイスト	一年中対応可能。食中酒として	10-15℃	ミニサイズの酒器全般など	淡い味付けの軽めの料理全般、冷奴、野菜のおひたしなど	
/fbo/web/app.php/user/product/107	久美の浦　純米吟醸	NA	NA	NA	<使用米>(%)	＜麹米＞(%)	＜掛米＞(%)	NA	NA	NA	NA	NA	NA	NA	ほのかな香りとはっきりした酸味と甘味	春～秋。常温よし	20℃又は40℃	グイ呑み、小ぶりのグラスなど	和食一般、魚介の刺身、濃い味の野菜料理など	
/fbo/web/app.php/user/product/215	手作り特別本醸造　源平	NA	NA	NA	<使用米>(%)	＜麹米＞(%)	＜掛米＞(%)	NA	NA	NA	NA	NA	NA	NA			NA	NA	NA	
/fbo/web/app.php/user/product/218	富士錦　純米酒	NA	NA	NA	<使用米>(%)	＜麹米＞(%)	＜掛米＞(%)	NA	NA	NA	NA	NA	NA	NA			NA	NA	NA	
/fbo/web/app.php/user/product/232	福乃友　６０　純米酒	NA	1800ml	¥1,963	<使用米>あきたこまち(60%)	＜麹米＞(%)	＜掛米＞(%)	きょうかい9号	速醸	15.5	+1	1.50	1.20	NA	軽快な酒質の純米酒。スッキリとした旨味が特徴。後味はドライ	特に夏向け。純米酒ビギナー向け。女性向け。和食向け。冷や向け。宴会向け	10～15℃	切子類、小型フルートグラス、錫製の猪口、竹の猪口など	白身魚の刺身、せりのおひたし、蕎麦、若竹煮、湯豆腐、じゅん菜の椀物、甘鯛のカブラ蒸しなど	
/fbo/web/app.php/user/product/234	司牡丹　純米　辛口	NA	1800ml	¥2,385	<使用米>(%)	＜麹米＞山田錦(65%)	＜掛米＞松山三井・アケボノ(65%)	熊本酵母	速醸	15.4	+7	1.4	1.2	NA	軽快でドライな味わいの純米酒。土佐酒らしい個性が表現された酒質。やや辛口。	特に夏向け。万人向け。食中酒向け。魚介料理向け。和のカジュアルシーン向け	10℃前後または45～50℃	ロックグラス、ショットグラス、小型タンブラーなど	カツオのタタキ、鯖の刺身、ウナギの蒲焼き、鰤のカマ焼き、サワラの西京味噌焼き、秋刀魚の塩焼きなど	
/fbo/web/app.php/user/product/235	男山　国芳乃名取酒	NA	1800ml	¥2,946	<使用米>美山錦(55%)	＜麹米＞(%)	＜掛米＞(%)	きょうかい901号	速醸	16	+10	1.5	1.3	NA	軽快なテイストの純米酒。バランスのとれた酸味と苦味が特徴。やや辛口	特に夏向け。万人向け。食中酒向け。海鮮系料理向け。冷や向け。カジュアルシーン向け	10℃前後	切子類、小型フルートグラス、錫製の猪口、竹の猪口など	板ワサ、イカソーメン、子持ち昆布、白身魚のカルパッチオ、イワシのマリネ、スモークサーモンなどと好相性	
/fbo/web/app.php/user/product/239	八重垣　純米　山田錦	NA	1800ml	¥2,300	<使用米>山田錦(70%)	＜麹米＞(%)	＜掛米＞(%)	自社酵母	速醸	16	-3.9	1.7	1.5	NA	柔らかな甘味を持つ純米酒。軽快で上品、なめらかな飲み口が特徴	通年向け。女性向け。家庭向け。晩酌向け。食中酒向け。冷や向け	15℃前後	一般的なぐい呑み、柔らかな材質の陶器など	出汁巻き玉子、茶碗蒸し、高野豆腐、ほうれん草の胡麻あえ、カボチャの煮物、海老しんじょうなどと好相性	
/fbo/web/app.php/user/product/240	大山　特別純米　超辛口	NA	1800ml	¥2,600	<使用米>はえぬき(60%)	＜麹米＞(%)	＜掛米＞(%)	山形KA	速醸	15.5	+12	1.25	1.15	NA	非常に軽快な香味の純米酒。スッキリとしたドライテイスト。	通年向け。ビギナー向け。カジュアルシーン向け。冷や向け。寿司向け	10～15℃前後	ガラスの猪口、錫製の猪口、小型フルートグラス、小型ロックグラスなど	白身魚の刺身、イカの塩焼き、光物の寿司、じゅん菜の椀物、タケノコ木の芽あえ、山菜の天ぷら（抹茶塩）等	
/fbo/web/app.php/user/product/241	甲子　純米酒	NA	1800ml	¥2,240	<使用米>五百万石(65%)	＜麹米＞(%)	＜掛米＞(%)	きょうかい1401号	速醸	15	+3	1.7	1.3	NA	軽快でスムーズな味わいの純米酒。カジュアルに楽しめるキャラクター	通年向け（特に夏向け）。万人向け（特に女性向け）。カジュアルシーン向け。和以外の業態向け	15℃前後	一般的な猪口、グイ呑み、日本酒用グラスなど	ホタテ貝の刺身、イカゲソ焼き、カニ酢、赤貝とワカメの酢の物、キスの天ぷら、カマスの一夜干しなど	
/fbo/web/app.php/user/product/242	五橋　純米酒	NA	1800ml	¥2,400	<使用米>山田錦(60%)	＜麹米＞(%)	＜掛米＞(%)	山口酵母（9E）	高温糖化	15.5	+2	1.6	1.6	NA	軽快でなめらかな香り。酸味と苦味が主体のドライテイスト。やや辛口	万人向け。カジュアルシーン向け。和洋中問わない。食中酒向け。宴会向け。	15℃前後または40℃前後	ガラスの猪口、薄手磁器の平杯、小型フルートグラスなど	フグのチリ鍋、海老の天ぷら、鮭の塩焼き、鶏モモ肉の照焼き、豚の角煮、カキフライ、カニ玉、八宝菜など	
/fbo/web/app.php/user/product/243	司牡丹　米から育てた純米酒	NA	1800ml	¥2,438	<使用米>(%)	＜麹米＞山田錦(65%)	＜掛米＞土佐錦(70%)	熊本酵母	速醸	15.4	+7	1.4	1.2	NA	青い葉のようなキリッとした香りと控えめながら乳製品のような甘い香りが隠れている。やや辛口	万人向け。辛口フリーク向け。男性向け。魚介料理向け。男性向け。冷やまたは熱燗向け	10℃前後または45～50℃	ガラスの猪口やぐい呑み、小型ロックグラス、小型タンブラーなど	カツオの塩タタキ、寿司、カマスの塩焼き、海老の天ぷら、カキフライ、ブイヤベースなど魚介料理と好相性	
/fbo/web/app.php/user/product/249	大山　特別純米酒	NA	1800ml	¥2,320	<使用米>はえぬき(60%)	＜麹米＞(%)	＜掛米＞(%)	山形KA・きょうかい701号	速醸	15.5	+4	1.4	1.2	NA	サラリとした飲み口。シンプルな味わい。飲み飽きのしないシンプルテイスト	万人向け。通年向け（特に夏向けの純米酒）。カジュアルシーン向け。食中酒向け。魚介料理向け	10～15℃	小型タンブラー、小型ロックグラス、シェリーグラスなど	白身魚の刺身、タコの薄造りポン酢、鯛のしゃぶしゃぶ、光り物の握り寿司、アサリの酒蒸しなど	
/fbo/web/app.php/user/product/251	御前酒　純米造り　美作	NA	1800ml	¥2,353	<使用米>雄町(65%)	＜麹米＞(%)	＜掛米＞(%)	きょうかい9号	速醸	14.5	+5	1.2	1.3	NA	軽やか	オールマイティ、通年、初心者、若者	5℃～45℃	グラス、瀬戸物、	お豆腐、卵焼き、そうめん、	
/fbo/web/app.php/user/product/252	越の誉　越後純米酒	NA	1800ml	¥1,864	<使用米>五百万石(65%)	＜麹米＞(%)	＜掛米＞(%)	きょうかい901号	速醸	15	+5	1.4	1.5	NA	典型的な新潟淡麗辛口テイスト。菜類を思わせる爽やかな香りと、スッキリとしたドライな味わいが特徴。	万人向け。通年向け。和のカジュアルシーン向け。冷やまたは熱燗向け。和食向け	10℃前後または50℃前後	シェリーグラス、フルートグラス、切子など	マグロの刺身、サンマの塩焼き、鶏の竜田揚げ、焼鳥（塩）、おでん、鍋全般など一般的な和食とよく合う	
/fbo/web/app.php/user/product/253	一ノ蔵　特別純米酒　松籟	NA	1800ml	¥2,629	<使用米>蔵の華(55%)	＜麹米＞(%)	＜掛米＞(%)	きょうかい901号	速醸	15	+3	1.4	1	NA	爽快でみずみずしい香り。なめらかなテクスチャー。ほどよい旨味を持つ。やや辛口。	万人向け。通年向け。魚介料理向け。冷やまたは燗向け	10～15℃または40℃前後	白磁の平杯、薄手焼き物のぐい呑みなど	白身魚の刺身、酢の物全般、鮑の磯焼き、蛤しんじょう、タコの柔らか煮、帆立貝の照焼きなど	
/fbo/web/app.php/user/product/254	小鼓　純米　茶　丹波杜氏	NA	1800ml	¥2,430	<使用米>兵庫北錦(58%)	＜麹米＞(%)	＜掛米＞(%)	小川10号	速醸	16	+3	1.5	1.2	NA	山吹の色調。軽快な穀物香が主体。軽快でドライな味わい	万人向け。通年向け。和のシーン向け。友人との語らい向け。冷やまたは燗向け。食中酒向け	15℃前後又は40℃前後	白磁の平杯、薄手のタンブラーやロックグラスなど	刺身全般、アユの塩焼き、冷や奴、三つ葉のおひたし、白子ポン酢、じゅん菜の椀物、出汁巻玉子など和食全般	
/fbo/web/app.php/user/product/255	司牡丹　純米　船中八策	NA	1800ml	¥2,800	<使用米>(%)	＜麹米＞山田錦(60%)	＜掛米＞松山三井(60%)	熊本酵母	速醸	15.4	+8	1.4	1.1	NA	ほどよい旨味を持つ純米酒。後味のキレは非常によい。やや厚みのあるドライテイスト	特に夏向け。男性向け。和のシーン向け。友人との語らい向け。冷やまたは熱燗向け。食中酒向け	15℃前後又は45℃前後	細身のタンブラー、ガラスの猪口、切子など	鯖の味噌煮、サンマ塩焼き、アジフライ、牛タンの塩焼き、焼鳥（タレ）、海老チリソース炒めなどの脂料理	
/fbo/web/app.php/user/product/256	簸上正宗　特別純米　七冠馬	NA	1800ml	¥2,700	<使用米>(%)	＜麹米＞改良雄町(55%)	＜掛米＞五百万石(55%)	きょうかい901号	速醸	15.5	+5	1.6	0.9	NA	まろやかなテクスチャーと甘味が特徴。ミディアムボディの酒質。やや軽快ながら旨味の余韻が長い。	日本酒通向け。和洋中問わない業態向け。友人、夫婦での語らい向け。冷や向け。	15℃前後	萩焼の猪口、白磁の平杯、フルートグラスなど	生ウニ、湯葉、白子ポン酢、舌平目のムニエル、生牡蠣レモン、白身魚のムース、カニ玉、海老の卵白炒めなど	
/fbo/web/app.php/user/product/261	春鹿　さくら純米	NA	1800ml	¥1,952	<使用米>ヒノヒカリ(70%)	＜麹米＞(%)	＜掛米＞(%)	きょうかい901号	速醸	15	-9	1.8	1.6	NA	和菓子や日本製果物を思わせる甘酸っぱい香り。豊かなな米由来の甘味と、梅のような酸味が余韻まで続く。	日本酒ビギナー、パーティや女子会などの華やかなシーン、ワイングラスでの飲用に向く。西洋料理と好相性	10〜15℃前後または35℃前後	小型ワイングラス、カット入りショットグラス、切子、錫製の猪口など	魚介のマリネ、鶏胸肉のソテー、白身魚のフリット、帆立貝のグラタンなど	
/fbo/web/app.php/user/product/262	千代寿　辛口　純米酒　魁	NA	1800ml	¥1,870	<使用米>はえぬき(70%)	＜麹米＞(%)	＜掛米＞(%)	きょうかい7号	速醸	15.3	+8	1.4	1.2	NA	シンプルで水のようになめらかな味わい。後味はドライでスッキリとした酒質。	万人向け。カジュアルに楽しめる。マルチな食中酒。大人数で楽しめる。冷やでも燗でも対応可。	15℃前後または40℃前後	磁器製の猪口、小型の切子、ショットグラス、フルートグラス	サンマの塩焼き、焼きなす、肉じゃが、カレイの煮付け、鯛のしゃぶしゃぶなど典型的な和食と好相性	
/fbo/web/app.php/user/product/263	酒呑童子　純米　京女	NA	1800ml	¥2,529	<使用米>(%)	＜麹米＞五百万石(60%)	＜掛米＞五百万石・日本晴(60%)	きょうかい9号系	速醸	14.5	+6	1.5	1.5	NA	キリリと引き締まった香りから一転し、味わいはなめらかな甘味が特徴。やや甘口ながら軽快な香味。	比較的ビギナー向け。カジュアルなシーン向け。特に和食と好相性。常温からぬる燗向け。	18℃前後または35〜40℃	陶器のぐい呑み	湯葉料理、湯豆腐、サバ寿司、スッポン鍋、甘鯛の若狭焼きなど京料理とピッタリな酒質	
/fbo/web/app.php/user/product/264	宗玄　純米酒　能登乃国	NA	1800ml	¥2,500	<使用米>山田錦(65%)	＜麹米＞(%)	＜掛米＞(%)	金沢酵母	速醸	15	+5	1.7	1.3	NA	香草のような清涼な香り。上品で繊細な味わい。コンパクトながらバランスのよい酒質	ビギナーから日本酒通まで対応可。ややフォーマル（和）なシーンで飲用。友人や恋人とじっくり味わう	15℃前後または40℃前後	磁器の猪口、ぐい呑みなど	白身魚の刺身や昆布〆、タラちり鍋、麩料理、フキの炊き合わせ、松茸の土瓶蒸しなど、繊細な和食と好相性	
/fbo/web/app.php/user/product/265	春鶯囀　純米酒	NA	1800ml	¥2,400	<使用米>(%)	＜麹米＞玉栄(63%)	＜掛米＞あさひの夢(63%)	きょうかい901号	速醸	15.5	+2.5	1.6	1.4	NA	まろやかな甘味、角のない酸味を苦味が取りまとめる、オーソドックスな日本酒の味わい	日本酒通、ややフォーマル（和）、特に和食向け。居酒屋から会席料理店までと好相性。冷やから燗まで対応	10℃前後または45℃前後	磁器類、ガラス製の猪口、切子類、錫の猪口、ショットグラスなど	鮎の甘露煮、牡蠣土手鍋、マナガツオの西京焼など、比較的味わいの濃い料理と好相性	
/fbo/web/app.php/user/product/266	梅錦　特別純米　夢人	NA	1800ml	¥2,463	<使用米>雄町(60%)	＜麹米＞(%)	＜掛米＞(%)	きょうかい901号	速醸	15.3	+3.3	1.3	1.3	NA	軽快で優しい香味。ハーブのような爽やかな香りと、なめらかなテクスチャーが特徴。	日本酒ビギナーから通まで対応可。カジュアルシーンにマッチ。和食でも魚介類と好相性。冷やでも燗でも対応	15～20℃または40～45℃	磁器の猪口、フルートグラス、薄手の小型タンブラーなど	鯛飯、たこ飯、太刀魚の塩焼き、関アジ、関サバのお造りなど、瀬戸内の新鮮魚介類と好相性	
/fbo/web/app.php/user/product/267	奥の松　特別純米	NA	1800ml	¥2,164	<使用米>あきたこまち(60%)	＜麹米＞(%)	＜掛米＞(%)	自社酵母	速醸	15	+0	1.4	1.4	NA	コンパクトながら味わいが多様な酒質。なめらかなテクスチャーと果実のような華やかな香りが特徴	日本酒ビギナー向け。女性向け。会席料理店向け。和食向け。冷酒向け。	15℃前後	小型ワイングラス、ラッパ型グラス、フルートグラスなど	魚介の薄造り、鯛のしゃぶしゃぶ、カニ鍋、板わさ、カレイの一夜干しなど、上品でサッパリとした料理	
/fbo/web/app.php/user/product/271	宗玄　純米酒	NA	1800ml	¥2,700	<使用米>山田錦(55%)	＜麹米＞(%)	＜掛米＞(%)	金沢酵母	速醸	15	+4	1.5	1.2	NA	香草のような爽やかな香り。スッキリとした上品な味わい。涼やかな印象を持つ純米酒	万人向けの酒質。カジュアルなシーン向け。爽やかな料理と好相性。冷酒向け。	15℃前後	切子類、フルートグラス、ショットグラス、錫の酒器、竹の酒器など	鮎の塩焼きタデ酢、白身魚の昆布〆柚子ポン酢、ふぐちり鍋、山菜のおひたし、鶏ササミの梅肉焼きなど	
/fbo/web/app.php/user/product/275	男山　純米　木綿屋	NA	1800ml	¥2,876	<使用米>美山錦(55%)	＜麹米＞(%)	＜掛米＞(%)	きょうかい901号	速醸	15	+5	1.5	1.3	NA	飲み飽きのしないシンプルテイストの純米酒。ソフトな飲み口とキレのよい後味が特徴	特に夏向け。万人向け。カジュアルなシーン向け。酒と肴向け（前菜系）	10℃前後	青色系の切子、カット入りのショットグラス、シェリーグラスなど	オリーブマリネ、タコのガリシア風、生ハムメロン、鰺のマリネ、牡蠣のスモークなど気軽な料理と好相性	
/fbo/web/app.php/user/product/276	一ノ蔵　特別純米酒　超辛口	NA	1800ml	¥2,305	<使用米>蔵の華(55%)	＜麹米＞(%)	＜掛米＞(%)	自社酵母	速醸	15	+9	1.4	1.3	NA	典型的な淡麗辛口。スッキリとした飲み口、ドライな後味が特徴	通年向け（特に夏）。万人向け。カジュアルシーン向け。食中酒向け。冷やまたは熱燗向け	10℃前後又は50℃前後	ショットグラス、切子、小型タンブラー、薄手の磁器など	刺身全般、シラスおろし、鮎の塩焼き、光り物の寿司、鰯の塩焼き、鮭のバター焼き、焼鳥、カキフライなど	
/fbo/web/app.php/user/product/277	亀泉　純米酒	NA	1800ml	¥2,500	<使用米>土佐錦(60%)	＜麹米＞(%)	＜掛米＞(%)	高知酵母（A-14）	速醸	15	+3	1.5	0.8	NA	ソフトでスムーズな味わい。香りのトーンも上品。スッキリとしたドライテイスト	特に夏向け。万人向け。純米酒ビギナー向け。食中酒向け。ヘルシーな料理向け。冷や向け	10℃前後	ガラス製の猪口、ショットグラス、シェリーグラス、小型タンブラーなど	海草サラダ、セリのおひたし、山菜の天ぷら（抹茶塩）、鮎の塩焼きタデ酢、アサリの酒蒸し木の芽添えなど	
/fbo/web/app.php/user/product/279	真澄　純米　奥伝寒造り	NA	1800ml	¥2,270	<使用米>(%)	＜麹米＞ひとごこち(60%)	＜掛米＞美山錦・ひとごこち(60%)	きょうかい7号系	速醸	14.8	+6.5	1.3	1.1	NA	上品かつ繊細な味わいの純米酒。キメの細やかな甘味と旨味が特徴。最後はスッキリとしたドライフィニッシュ	ビギナー向け。女性向け。特に春から初夏向け。カジュアルなシーン向け。会席料理向け。冷や向け	10～15℃	小型ワイングラス、ラッパ型グラス、シェリーグラスなど	会席料理全般、新蕎麦、鮎の塩焼きタデ酢、タケノコ木の芽あえ、シーフードサラダ香草風味などと好相性	
/fbo/web/app.php/user/product/280	司牡丹「花」純米	NA	1800ml	¥1,952	<使用米>(%)	＜麹米＞山田錦(65%)	＜掛米＞松山三井・山田錦(70%・65%%)	熊本酵母	速醸	15.5	+6	1.45	1.05	NA	純米酒らしい旨味を持ちながらも、後味のキレのよい味わい。土佐の地酒らしいキャラクターを感じさせる	万人向け。通年向け。食中酒向け。カジュアルシーン向け。冷酒または熱燗向け	10～15℃または45℃前後	ガラス製猪口、薄手磁器の平杯など	カツオの塩タタキ、牡蠣の天ぷら、鶏肉の炭火焼、牛肉味噌漬焼き、豚の角煮、すきやき、猪鍋などと好相性	
/fbo/web/app.php/user/product/281	大山「赤」純米	NA	1800ml	¥1,952	<使用米>はえぬき(70%)	＜麹米＞(%)	＜掛米＞(%)	山形KA	速醸	15.5	+3.5	1.4	1.1	NA	シンプルでスッキリとした味わい。後味がキリリと引き締まった辛口テイスト	ビギナー向け。女性向け。特に夏向け。カジュアルシーン向け。野菜料理向け	10℃前後	フルートグラス、切子、小型ワイングラス、カット入りの小型グラスなど	じゅん菜料理、ウド酢味噌、山菜のおひたし、平目の薄造り芽ネギ巻き、タコの薄造り（塩・レモン）など	
/fbo/web/app.php/user/product/283	南部関　純米酒	1.8	1800ml	¥2,219	<使用米>ひとめぼれ(65%)	＜麹米＞(%)	＜掛米＞(%)	きょうかい7号	速醸	15.5	-1	1.6	NA	NA	ソフトな飲み口と柔らかな旨味が特徴。非常に軽快な味わいながら、後味のキレはよい純米酒	特にビギナー、女性向け。特に夏向け。魚介料理向けの食中酒。冷や向け	10℃前後	ガラス製猪口、切子、小型フルートグラスなど	帆立貝の刺身、イカソーメン、白身魚の昆布〆ポン酢、赤貝の刺身、甘海老の刺身、カニ酢などの新鮮魚介	
/fbo/web/app.php/user/product/284	白馬錦　純米酒	NA	1800ml	¥2,573	<使用米>美山錦(59%)	＜麹米＞(%)	＜掛米＞(%)	きょうかい1801号・きょうかい1501号	速醸	15.3	+4	1.6	1.2	NA	まろやかな飲み口。柔らかな甘味と旨味が特徴。後味のキレはよい軽快な純米酒	やや日本酒通向け。外国人向け。西洋料理店向け。食中酒向け。友人との語らい向け	15℃前後	一般的な猪口やグイ呑み、薄手の小型タンブラーなど	湯葉料理、白子ポン酢、岩牡蠣、出汁巻玉子、モッツアレラチーズ、シーフードグラタン、白身魚のムースなど	
/fbo/web/app.php/user/product/286	芳薫　特別純米酒	NA	1800ml	¥2,933	<使用米>佐賀の華(58%)	＜麹米＞(%)	＜掛米＞(%)	きょうかい9号	高温糖化	14.5	+3	1.5	1.4	NA	花のような華やかな香りと砂糖菓子の甘味を思わせる香りが特徴。軽快な甘味と酸味が味わいを形成する。	春から初夏にかけて。ビギナー層向け。食前酒的な飲用に向く。洋のイメージでの演出も効果的。	10～15℃	小型ワイングラス、ガラス製猪口、切子類など	清涼感のある料理と好相性。魚介類のテリーヌ、サーモンマリネ、寄せ豆腐、呼子イカの姿造りなど	
/fbo/web/app.php/user/product/287	白嶺　香田　特別純米酒	NA	1800ml	¥2,500	<使用米>(%)	＜麹米＞山田錦(70%)	＜掛米＞山田錦(60%)	きょうかい9号系	速醸	15.2	-1	1.4	1.8	NA	砂糖菓子の甘味を思わせるふんわりとした原料由来の香りと、ソフトな甘味が味わいの特徴。	春から初夏にかけて。ビギナー層向け。	10℃前後	小型ワイングラス、ガラス製猪口、切子類など	素材に自然の甘味を持つシンプルな料理と好相性。イカソーメン、湯豆腐、ハモ落とし梅肉添えなど	
/fbo/web/app.php/user/product/289	華鳩　特別純米　華Colombe	NA	1800ml	¥2,381	<使用米>(%)	＜麹米＞八反錦(60%)	＜掛米＞こいもみじ・中生新千本(60%)	熊本酵母	速醸	15	+1.5	1.4	1.1	NA	軽快で優しい香味。ふんわりとしたマシュマロのような甘味を思わせる香りと、とろみのあるテクスチャーが特徴。	日本酒ビギナーから通まで対応可。カジュアルシーンにマッチ。和食でも魚介類と好相性。冷やでも燗でも対応	15～20℃または40～45℃	磁器の猪口、フルートグラス、薄手の小型タンブラーなど	シーフードサラダ、生牡蠣レモン添え、サーモンのタルタルなど新鮮な魚介類を生かす香味をもつ。	
